1542428350216,2018.11.17 12:19:10.216,INFO,custom,121.43725627580676, 31.02744500745223, -70
1542428352249,2018.11.17 12:19:12.249,INFO,custom,121.437267343, 31.027461797, -70
1542428614400,2018.11.17 12:23:34.400,INFO,custom,121.43715500754216, 31.027526343831116, -71
1542428616422,2018.11.17 12:23:36.422,INFO,custom,121.437221126, 31.027573969, -71
1542428783895,2018.11.17 12:26:23.895,INFO,custom,121.43733566490057, 31.027678741704637, -73
1542428785901,2018.11.17 12:26:25.901,INFO,custom,121.437328913, 31.027697302, -73
1542428817981,2018.11.17 12:26:57.981,INFO,custom,121.4373499258776, 31.02769070000423, -75
1542428820974,2018.11.17 12:27:00.974,INFO,custom,121.437335601, 31.02771616, -75
1542428912526,2018.11.17 12:28:32.526,INFO,custom,121.437353802, 31.027675161, -77
1542429062501,2018.11.17 12:31:02.501,INFO,custom,121.437341939, 31.027659499, -76
1542429256821,2018.11.17 12:34:16.821,INFO,custom,121.43735317335701, 31.02750224645777, -76
1542429287833,2018.11.17 12:34:47.833,INFO,custom,121.43749381328817, 31.027335780429972, -76
1542429289900,2018.11.17 12:34:49.900,INFO,custom,121.437512559, 31.027358145, -76
1542429291922,2018.11.17 12:34:51.922,INFO,custom,121.437491963, 31.027366307, -76
1542429301770,2018.11.17 12:35:01.770,INFO,custom,121.437404337, 31.027388029, -76
1542429307773,2018.11.17 12:35:07.773,INFO,custom,121.437413962, 31.027368993, -82
1542429311772,2018.11.17 12:35:11.772,INFO,custom,121.437426352, 31.027346167, -82
1542429313768,2018.11.17 12:35:13.768,INFO,custom,121.437443475, 31.027328367, -82
1542429315788,2018.11.17 12:35:15.788,INFO,custom,121.437456973, 31.027314422, -82
1542429317805,2018.11.17 12:35:17.805,INFO,custom,121.437469007, 31.027299153, -82
1542429319797,2018.11.17 12:35:19.797,INFO,custom,121.437481132, 31.027282881, -83
1542429321816,2018.11.17 12:35:21.816,INFO,custom,121.437495387, 31.027265613, -83
1542429323793,2018.11.17 12:35:23.793,INFO,custom,121.437508547, 31.027250311, -83
1542429325803,2018.11.17 12:35:25.803,INFO,custom,121.437523034, 31.027234023, -83
1542429327837,2018.11.17 12:35:27.837,INFO,custom,121.437538435, 31.027215864, -76
1542429329865,2018.11.17 12:35:29.865,INFO,custom,121.437549184, 31.027199366, -76
1542429331799,2018.11.17 12:35:31.799,INFO,custom,121.437571722, 31.027171252, -76
1542429333804,2018.11.17 12:35:33.804,INFO,custom,121.437584574, 31.027150706, -79
1542429335814,2018.11.17 12:35:35.814,INFO,custom,121.437594728, 31.027126222, -79
1542429337865,2018.11.17 12:35:37.865,INFO,custom,121.437602298, 31.027106142, -79
1542429339841,2018.11.17 12:35:39.841,INFO,custom,121.437607153, 31.0270884, -79
1542429341797,2018.11.17 12:35:41.797,INFO,custom,121.437615505, 31.027067239, -79
1542429343816,2018.11.17 12:35:43.816,INFO,custom,121.437626741, 31.027043266, -79
1542429345816,2018.11.17 12:35:45.816,INFO,custom,121.43764209, 31.027022523, -79
1542429347811,2018.11.17 12:35:47.811,INFO,custom,121.43765771, 31.027000879, -79
1542429349819,2018.11.17 12:35:49.819,INFO,custom,121.437672911, 31.026982682, -69
1542429351800,2018.11.17 12:35:51.800,INFO,custom,121.437689389, 31.026969543, -69
1542429353819,2018.11.17 12:35:53.819,INFO,custom,121.437716038, 31.026970658, -69
1542429355843,2018.11.17 12:35:55.843,INFO,custom,121.437744495, 31.026976287, -69
1542429357868,2018.11.17 12:35:57.868,INFO,custom,121.437774361, 31.026985504, -69
1542429359821,2018.11.17 12:35:59.821,INFO,custom,121.437798666, 31.026990836, -69
1542429361795,2018.11.17 12:36:01.795,INFO,custom,121.437822815, 31.026988046, -69
1542429363795,2018.11.17 12:36:03.795,INFO,custom,121.437843892, 31.026977851, -78
1542429365811,2018.11.17 12:36:05.811,INFO,custom,121.437867758, 31.026967164, -78
1542429367853,2018.11.17 12:36:07.853,INFO,custom,121.43789198, 31.026957496, -80
1542429369816,2018.11.17 12:36:09.816,INFO,custom,121.437914059, 31.026952268, -80
1542429371809,2018.11.17 12:36:11.809,INFO,custom,121.437933834, 31.026944086, -80
1542429373797,2018.11.17 12:36:13.797,INFO,custom,121.437956287, 31.026934722, -80
1542429375808,2018.11.17 12:36:15.808,INFO,custom,121.437979977, 31.026924154, -80
1542429377846,2018.11.17 12:36:17.846,INFO,custom,121.438002097, 31.026912791, -80
1542429380825,2018.11.17 12:36:20.825,INFO,custom,121.438027524, 31.026897556, -76
1542429382813,2018.11.17 12:36:22.813,INFO,custom,121.438044745, 31.026883263, -69
1542429384822,2018.11.17 12:36:24.822,INFO,custom,121.438063356, 31.026865799, -69
1542429386813,2018.11.17 12:36:26.813,INFO,custom,121.438084028, 31.026847952, -69
1542429388812,2018.11.17 12:36:28.812,INFO,custom,121.438101359, 31.02683183, -69
1542429390826,2018.11.17 12:36:30.826,INFO,custom,121.438116829, 31.026818645, -69
1542429392827,2018.11.17 12:36:32.827,INFO,custom,121.438137932, 31.026807482, -69
1542429394823,2018.11.17 12:36:34.823,INFO,custom,121.438160599, 31.026794019, -77
1542429396813,2018.11.17 12:36:36.813,INFO,custom,121.438180755, 31.026779718, -77
1542429398840,2018.11.17 12:36:38.840,INFO,custom,121.4381994, 31.02676827, -77
1542429401854,2018.11.17 12:36:41.854,INFO,custom,121.438223416, 31.026752307, -77
1542429403823,2018.11.17 12:36:43.823,INFO,custom,121.438242058, 31.026737583, -77
1542429405795,2018.11.17 12:36:45.795,INFO,custom,121.438265331, 31.026723046, -77
1542429407800,2018.11.17 12:36:47.800,INFO,custom,121.438287646, 31.026707744, -82
1542429409831,2018.11.17 12:36:49.831,INFO,custom,121.438308406, 31.026691976, -82
1542429412833,2018.11.17 12:36:52.833,INFO,custom,121.438336307, 31.026677995, -82
1542429414817,2018.11.17 12:36:54.817,INFO,custom,121.438360154, 31.026666458, -82
1542429416802,2018.11.17 12:36:56.802,INFO,custom,121.438384369, 31.026651183, -82
1542429418815,2018.11.17 12:36:58.815,INFO,custom,121.43840824, 31.026638808, -82
1542429420810,2018.11.17 12:37:00.810,INFO,custom,121.43842782, 31.026622328, -82
1542429422796,2018.11.17 12:37:02.796,INFO,custom,121.438441788, 31.026602253, -82
1542429424803,2018.11.17 12:37:04.803,INFO,custom,121.438454724, 31.026583279, -81
1542429426831,2018.11.17 12:37:06.831,INFO,custom,121.438474859, 31.02657226, -81
1542429428806,2018.11.17 12:37:08.806,INFO,custom,121.438497086, 31.026564161, -81
1542429430828,2018.11.17 12:37:10.828,INFO,custom,121.438523112, 31.026560388, -81
1542429432793,2018.11.17 12:37:12.793,INFO,custom,121.438550397, 31.026549804, -81
1542429434830,2018.11.17 12:37:14.830,INFO,custom,121.438574296, 31.026532187, -81
1542429436830,2018.11.17 12:37:16.830,INFO,custom,121.43859303, 31.026518797, -81
1542429438809,2018.11.17 12:37:18.809,INFO,custom,121.438614912, 31.026509422, -81
1542429440807,2018.11.17 12:37:20.807,INFO,custom,121.438639191, 31.026498879, -82
1542429442832,2018.11.17 12:37:22.832,INFO,custom,121.438664564, 31.026490081, -82
1542429444814,2018.11.17 12:37:24.814,INFO,custom,121.438686853, 31.026478584, -82
1542429446815,2018.11.17 12:37:26.815,INFO,custom,121.438703733, 31.026466795, -82
1542429448813,2018.11.17 12:37:28.813,INFO,custom,121.438726853, 31.026460622, -82
1542429450805,2018.11.17 12:37:30.805,INFO,custom,121.438753708, 31.02645246, -82
1542429452799,2018.11.17 12:37:32.799,INFO,custom,121.438781267, 31.026446128, -82
1542429454836,2018.11.17 12:37:34.836,INFO,custom,121.438807702, 31.02644194, -77
1542429456791,2018.11.17 12:37:36.791,INFO,custom,121.438828726, 31.026433744, -77
1542429458789,2018.11.17 12:37:38.789,INFO,custom,121.438849767, 31.026423065, -77
1542429460800,2018.11.17 12:37:40.800,INFO,custom,121.438873679, 31.02641535, -77
1542429462803,2018.11.17 12:37:42.803,INFO,custom,121.438898337, 31.026406874, -77
1542429464811,2018.11.17 12:37:44.811,INFO,custom,121.438922629, 31.02639989, -77
1542429466795,2018.11.17 12:37:46.795,INFO,custom,121.438946039, 31.026396126, -77
1542429469837,2018.11.17 12:37:49.837,INFO,custom,121.438972824, 31.026389694, -79
1542429471827,2018.11.17 12:37:51.827,INFO,custom,121.438993556, 31.026384428, -79
1542429473828,2018.11.17 12:37:53.828,INFO,custom,121.439017052, 31.026380885, -79
1542429475810,2018.11.17 12:37:55.810,INFO,custom,121.439043644, 31.026375678, -79
1542429477814,2018.11.17 12:37:57.814,INFO,custom,121.439069659, 31.026365879, -79
1542429479851,2018.11.17 12:37:59.851,INFO,custom,121.43909529, 31.026359459, -79
1542429481805,2018.11.17 12:38:01.805,INFO,custom,121.439120355, 31.026356386, -79
1542429483813,2018.11.17 12:38:03.813,INFO,custom,121.439142154, 31.026348294, -79
1542429486808,2018.11.17 12:38:06.808,INFO,custom,121.439171096, 31.026345482, -76
1542429488826,2018.11.17 12:38:08.826,INFO,custom,121.43919839, 31.026342458, -76
1542429490813,2018.11.17 12:38:10.813,INFO,custom,121.439228338, 31.026339577, -76
1542429492804,2018.11.17 12:38:12.804,INFO,custom,121.439260352, 31.026334193, -76
1542429494840,2018.11.17 12:38:14.840,INFO,custom,121.439292161, 31.026325934, -76
1542429496818,2018.11.17 12:38:16.818,INFO,custom,121.439323825, 31.026321814, -76
1542429516819,2018.11.17 12:38:36.819,INFO,custom,121.439396239, 31.02618819, -83
1542429518793,2018.11.17 12:38:38.793,INFO,custom,121.439371745, 31.026173022, -83
1542429520810,2018.11.17 12:38:40.810,INFO,custom,121.439349718, 31.026161434, -83
1542429522807,2018.11.17 12:38:42.807,INFO,custom,121.439328651, 31.02615063, -83
1542429524799,2018.11.17 12:38:44.799,INFO,custom,121.439304021, 31.026135596, -83
1542429577893,2018.11.17 12:39:37.893,INFO,custom,121.4386891, 31.025942805, -67
1542429579808,2018.11.17 12:39:39.808,INFO,custom,121.438663684, 31.025933062, -65
1542429581796,2018.11.17 12:39:41.796,INFO,custom,121.438637605, 31.025926103, -80
1542429583819,2018.11.17 12:39:43.819,INFO,custom,121.438613469, 31.02591854, -80
1542429585817,2018.11.17 12:39:45.817,INFO,custom,121.438593455, 31.025912216, -80
1542429587799,2018.11.17 12:39:47.799,INFO,custom,121.438566769, 31.025907374, -70
1542429589801,2018.11.17 12:39:49.801,INFO,custom,121.438535544, 31.025907728, -70
1542429591835,2018.11.17 12:39:51.835,INFO,custom,121.438508914, 31.025903618, -74
1542429593842,2018.11.17 12:39:53.842,INFO,custom,121.438484892, 31.025898304, -74
1542429596831,2018.11.17 12:39:56.831,INFO,custom,121.438451039, 31.025894395, -77
1542429598821,2018.11.17 12:39:58.821,INFO,custom,121.438415522, 31.025890264, -77
1542429600848,2018.11.17 12:40:00.848,INFO,custom,121.438381141, 31.025888029, -77
1542429602824,2018.11.17 12:40:02.824,INFO,custom,121.438350495, 31.025877749, -78
1542429604805,2018.11.17 12:40:04.805,INFO,custom,121.438317544, 31.025868862, -78
1542429606931,2018.11.17 12:40:06.931,INFO,custom,121.438287109, 31.025861925, -71
1542429608823,2018.11.17 12:40:08.823,INFO,custom,121.438262164, 31.025852215, -71
1542429610852,2018.11.17 12:40:10.852,INFO,custom,121.438241045, 31.025839009, -71
1542429613834,2018.11.17 12:40:13.834,INFO,custom,121.438212022, 31.025825494, -70
1542429615864,2018.11.17 12:40:15.864,INFO,custom,121.438188571, 31.025819008, -76
1542429617805,2018.11.17 12:40:17.805,INFO,custom,121.438164977, 31.025814057, -76
1542429619889,2018.11.17 12:40:19.889,INFO,custom,121.438139218, 31.025806673, -76
1542429621834,2018.11.17 12:40:21.834,INFO,custom,121.438112791, 31.025803202, -71
1542429623831,2018.11.17 12:40:23.831,INFO,custom,121.438089251, 31.025800418, -71
1542429625814,2018.11.17 12:40:25.814,INFO,custom,121.438064734, 31.025795507, -71
1542429627807,2018.11.17 12:40:27.807,INFO,custom,121.438041618, 31.025790324, -71
1542429629815,2018.11.17 12:40:29.815,INFO,custom,121.438017922, 31.025785977, -71
1542429631820,2018.11.17 12:40:31.820,INFO,custom,121.437996001, 31.025781496, -71
1542429634832,2018.11.17 12:40:34.832,INFO,custom,121.437966206, 31.025773268, -71
1542429636846,2018.11.17 12:40:36.846,INFO,custom,121.437944502, 31.025764228, -71
1542429638822,2018.11.17 12:40:38.822,INFO,custom,121.437920986, 31.02575617, -71
1542429640814,2018.11.17 12:40:40.814,INFO,custom,121.437898449, 31.025747793, -71
1542429642836,2018.11.17 12:40:42.836,INFO,custom,121.437875395, 31.025736154, -71
1542429644852,2018.11.17 12:40:44.852,INFO,custom,121.437851211, 31.025721484, -71
1542429646819,2018.11.17 12:40:46.819,INFO,custom,121.437825461, 31.025705801, -71
1542429648845,2018.11.17 12:40:48.845,INFO,custom,121.437795763, 31.025701803, -71
1542429650805,2018.11.17 12:40:50.805,INFO,custom,121.437771632, 31.0257002, -71
1542429653826,2018.11.17 12:40:53.826,INFO,custom,121.437740611, 31.025702, -71
1542429655820,2018.11.17 12:40:55.820,INFO,custom,121.437716822, 31.025708332, -71
1542429657823,2018.11.17 12:40:57.823,INFO,custom,121.437693009, 31.025711067, -71
1542429660843,2018.11.17 12:41:00.843,INFO,custom,121.437665627, 31.025716824, -71
1542429662815,2018.11.17 12:41:02.815,INFO,custom,121.437640514, 31.025722912, -79
1542429664816,2018.11.17 12:41:04.816,INFO,custom,121.437611527, 31.025731105, -82
1542429666813,2018.11.17 12:41:06.813,INFO,custom,121.437581813, 31.025734107, -82
1542429668806,2018.11.17 12:41:08.806,INFO,custom,121.437553613, 31.025737164, -82
1542429670847,2018.11.17 12:41:10.847,INFO,custom,121.437528116, 31.025741818, -82
1542429672809,2018.11.17 12:41:12.809,INFO,custom,121.437505099, 31.025747025, -82
1542429674826,2018.11.17 12:41:14.826,INFO,custom,121.437477567, 31.025751409, -77
1542429676839,2018.11.17 12:41:16.839,INFO,custom,121.437447221, 31.025754784, -77
1542429678807,2018.11.17 12:41:18.807,INFO,custom,121.43741634, 31.02575976, -82
1542429680803,2018.11.17 12:41:20.803,INFO,custom,121.43738649, 31.025764127, -82
1542429682802,2018.11.17 12:41:22.802,INFO,custom,121.437356397, 31.025763563, -74
1542429684847,2018.11.17 12:41:24.847,INFO,custom,121.437327424, 31.025766141, -74
1542429686806,2018.11.17 12:41:26.806,INFO,custom,121.437304103, 31.025772955, -74
1542429688841,2018.11.17 12:41:28.841,INFO,custom,121.43727951, 31.025783629, -81
1542429690879,2018.11.17 12:41:30.879,INFO,custom,121.437255971, 31.025797114, -81
1542429692867,2018.11.17 12:41:32.867,INFO,custom,121.437231117, 31.025802802, -77
1542429695814,2018.11.17 12:41:35.814,INFO,custom,121.437200406, 31.025809607, -77
1542429698807,2018.11.17 12:41:38.807,INFO,custom,121.437174635, 31.025814533, -78
1542429700809,2018.11.17 12:41:40.809,INFO,custom,121.437153559, 31.025817926, -78
1542429702850,2018.11.17 12:41:42.850,INFO,custom,121.43712748, 31.025825411, -78
1542429704803,2018.11.17 12:41:44.803,INFO,custom,121.437101269, 31.025834171, -72
1542429706803,2018.11.17 12:41:46.803,INFO,custom,121.437078377, 31.025842115, -72
1542429708855,2018.11.17 12:41:48.855,INFO,custom,121.437057366, 31.025849612, -79
1542429710844,2018.11.17 12:41:50.844,INFO,custom,121.437032323, 31.02585612, -79
1542429712799,2018.11.17 12:41:52.799,INFO,custom,121.437005277, 31.025864014, -73
1542429714820,2018.11.17 12:41:54.820,INFO,custom,121.436977689, 31.025870327, -73
1542429716801,2018.11.17 12:41:56.801,INFO,custom,121.436953528, 31.025879126, -73
1542429718823,2018.11.17 12:41:58.823,INFO,custom,121.436933329, 31.025887381, -73
1542429720808,2018.11.17 12:42:00.808,INFO,custom,121.436908768, 31.025894656, -73
1542429722808,2018.11.17 12:42:02.808,INFO,custom,121.436884189, 31.025904404, -73
1542429724804,2018.11.17 12:42:04.804,INFO,custom,121.436858608, 31.025914551, -78
1542429726810,2018.11.17 12:42:06.810,INFO,custom,121.436837684, 31.025923724, -78
1542429728813,2018.11.17 12:42:08.813,INFO,custom,121.43681367, 31.025933082, -80
1542429730826,2018.11.17 12:42:10.826,INFO,custom,121.436788463, 31.025941144, -80
1542429732801,2018.11.17 12:42:12.801,INFO,custom,121.436763847, 31.025949505, -80
1542429734824,2018.11.17 12:42:14.824,INFO,custom,121.436742868, 31.02595725, -80
1542429737831,2018.11.17 12:42:17.831,INFO,custom,121.436719621, 31.025974741, -80
1542429739831,2018.11.17 12:42:19.831,INFO,custom,121.436702508, 31.025989964, -80
1542429741799,2018.11.17 12:42:21.799,INFO,custom,121.436681241, 31.026004893, -80
1542429743836,2018.11.17 12:42:23.836,INFO,custom,121.436663437, 31.026020334, -79
1542429745800,2018.11.17 12:42:25.800,INFO,custom,121.436640249, 31.02603653, -79
1542429747836,2018.11.17 12:42:27.836,INFO,custom,121.436616978, 31.026054306, -79
1542429749814,2018.11.17 12:42:29.814,INFO,custom,121.436597792, 31.026073294, -79
1542429751831,2018.11.17 12:42:31.831,INFO,custom,121.436580334, 31.026089193, -79
1542429753822,2018.11.17 12:42:33.822,INFO,custom,121.436558881, 31.02610525, -79
1542429755807,2018.11.17 12:42:35.807,INFO,custom,121.43653589, 31.026124601, -79
1542429757857,2018.11.17 12:42:37.857,INFO,custom,121.436513516, 31.026144489, -79
1542429759821,2018.11.17 12:42:39.821,INFO,custom,121.436492431, 31.026159088, -79
1542429761814,2018.11.17 12:42:41.814,INFO,custom,121.436473687, 31.026168601, -79
1542429763815,2018.11.17 12:42:43.815,INFO,custom,121.436450074, 31.02618181, -79
1542429765806,2018.11.17 12:42:45.806,INFO,custom,121.436426774, 31.026200623, -79
1542429767805,2018.11.17 12:42:47.805,INFO,custom,121.436402349, 31.026216133, -79
1542429769803,2018.11.17 12:42:49.803,INFO,custom,121.436379822, 31.026229789, -79
1542429771804,2018.11.17 12:42:51.804,INFO,custom,121.436360283, 31.026244398, -79
1542429773824,2018.11.17 12:42:53.824,INFO,custom,121.436337028, 31.026259206, -79
1542429775814,2018.11.17 12:42:55.814,INFO,custom,121.43631449, 31.026273141, -74
1542429777854,2018.11.17 12:42:57.854,INFO,custom,121.436294655, 31.026287668, -80
1542429779815,2018.11.17 12:42:59.815,INFO,custom,121.436279883, 31.026302032, -80
1542429781822,2018.11.17 12:43:01.822,INFO,custom,121.436261302, 31.02631734, -80
1542429783804,2018.11.17 12:43:03.804,INFO,custom,121.436240505, 31.026334981, -80
1542429785824,2018.11.17 12:43:05.824,INFO,custom,121.436220858, 31.026352956, -80
1542429787814,2018.11.17 12:43:07.814,INFO,custom,121.436203833, 31.026370595, -80
1542429789791,2018.11.17 12:43:09.791,INFO,custom,121.436184685, 31.026387229, -65
1542429791798,2018.11.17 12:43:11.798,INFO,custom,121.436168439, 31.026401946, -65
1542429793834,2018.11.17 12:43:13.834,INFO,custom,121.436147298, 31.026419313, -65
1542429795880,2018.11.17 12:43:15.880,INFO,custom,121.436126823, 31.026436992, -65
1542429797844,2018.11.17 12:43:17.844,INFO,custom,121.436105957, 31.026453944, -65
1542429799829,2018.11.17 12:43:19.829,INFO,custom,121.436085756, 31.026472334, -65
1542429801818,2018.11.17 12:43:21.818,INFO,custom,121.436069111, 31.026486955, -65
1542429803814,2018.11.17 12:43:23.814,INFO,custom,121.436051133, 31.026502007, -80
1542429805844,2018.11.17 12:43:25.844,INFO,custom,121.43603279, 31.026520567, -80
1542429807808,2018.11.17 12:43:27.808,INFO,custom,121.436019668, 31.026544879, -80
1542429809820,2018.11.17 12:43:29.820,INFO,custom,121.436007157, 31.026568532, -80
1542429811826,2018.11.17 12:43:31.826,INFO,custom,121.435993429, 31.026584603, -80
1542429813796,2018.11.17 12:43:33.796,INFO,custom,121.435976839, 31.026600787, -79
1542429815836,2018.11.17 12:43:35.836,INFO,custom,121.43596381, 31.026621671, -79
1542429817865,2018.11.17 12:43:37.865,INFO,custom,121.435954902, 31.026648232, -79
1542429819815,2018.11.17 12:43:39.815,INFO,custom,121.435944063, 31.026674456, -76
1542429821820,2018.11.17 12:43:41.820,INFO,custom,121.435931833, 31.026699649, -76
1542429823830,2018.11.17 12:43:43.830,INFO,custom,121.435922016, 31.026720664, -76
1542429825819,2018.11.17 12:43:45.819,INFO,custom,121.435913072, 31.026740378, -76
1542429827820,2018.11.17 12:43:47.820,INFO,custom,121.435901261, 31.026761971, -76
1542429829810,2018.11.17 12:43:49.810,INFO,custom,121.435888865, 31.026783913, -76
1542429831829,2018.11.17 12:43:51.829,INFO,custom,121.435872448, 31.026799609, -76
1542429833822,2018.11.17 12:43:53.822,INFO,custom,121.435858816, 31.026815252, -76
1542429836803,2018.11.17 12:43:56.803,INFO,custom,121.435843176, 31.026839548, -82
1542429841807,2018.11.17 12:44:01.807,INFO,custom,121.435838464, 31.026862527, -82
1542429845807,2018.11.17 12:44:05.807,INFO,custom,121.435826683, 31.026881709, -77
1542429847805,2018.11.17 12:44:07.805,INFO,custom,121.43581431, 31.026904861, -77
1542429849838,2018.11.17 12:44:09.838,INFO,custom,121.435801184, 31.026928135, -77
1542429851813,2018.11.17 12:44:11.813,INFO,custom,121.435791822, 31.026948371, -77
1542429853821,2018.11.17 12:44:13.821,INFO,custom,121.435782832, 31.026968174, -77
1542429855815,2018.11.17 12:44:15.815,INFO,custom,121.435774171, 31.026987466, -75
1542429857831,2018.11.17 12:44:17.831,INFO,custom,121.435765622, 31.027007406, -78
1542429859821,2018.11.17 12:44:19.821,INFO,custom,121.435755484, 31.02702768, -78
1542429861842,2018.11.17 12:44:21.842,INFO,custom,121.435738279, 31.027061546, -78
1542429863806,2018.11.17 12:44:23.806,INFO,custom,121.435716729, 31.027104318, -78
1542429865821,2018.11.17 12:44:25.821,INFO,custom,121.435698636, 31.027138356, -78
1542429867833,2018.11.17 12:44:27.833,INFO,custom,121.435681801, 31.027170962, -78
1542429869802,2018.11.17 12:44:29.802,INFO,custom,121.435666807, 31.027201563, -78
1542429871830,2018.11.17 12:44:31.830,INFO,custom,121.435655096, 31.027228631, -75
1542429873791,2018.11.17 12:44:33.791,INFO,custom,121.435654051, 31.027253555, -75
1542429875816,2018.11.17 12:44:35.816,INFO,custom,121.435651668, 31.027272004, -75
1542429877825,2018.11.17 12:44:37.825,INFO,custom,121.435641516, 31.027288968, -75
1542429879843,2018.11.17 12:44:39.843,INFO,custom,121.435629177, 31.02730369, -75
1542429881821,2018.11.17 12:44:41.821,INFO,custom,121.435617469, 31.027318699, -75
1542429883806,2018.11.17 12:44:43.806,INFO,custom,121.435603879, 31.027338062, -75
1542429885818,2018.11.17 12:44:45.818,INFO,custom,121.435592247, 31.027359775, -76
1542429887801,2018.11.17 12:44:47.801,INFO,custom,121.435583761, 31.02738168, -76
1542429889817,2018.11.17 12:44:49.817,INFO,custom,121.435580093, 31.027403268, -76
1542429891799,2018.11.17 12:44:51.799,INFO,custom,121.435570525, 31.027421273, -76
1542429893797,2018.11.17 12:44:53.797,INFO,custom,121.43556329, 31.027439364, -77
1542429895805,2018.11.17 12:44:55.805,INFO,custom,121.435558889, 31.027460654, -77
1542429897815,2018.11.17 12:44:57.815,INFO,custom,121.435547191, 31.02748153, -77
1542429899824,2018.11.17 12:44:59.824,INFO,custom,121.435536467, 31.027502617, -77
1542429901815,2018.11.17 12:45:01.815,INFO,custom,121.435522762, 31.027522328, -72
1542429903843,2018.11.17 12:45:03.843,INFO,custom,121.435508649, 31.027540904, -72
1542429905803,2018.11.17 12:45:05.803,INFO,custom,121.435496732, 31.027559691, -72
1542429907793,2018.11.17 12:45:07.793,INFO,custom,121.435480291, 31.027581661, -72
1542429909834,2018.11.17 12:45:09.834,INFO,custom,121.435463149, 31.027601528, -72
1542429911834,2018.11.17 12:45:11.834,INFO,custom,121.435445808, 31.027620034, -72
1542429924817,2018.11.17 12:45:24.817,INFO,custom,121.435365645, 31.027747668, -79
1542429926800,2018.11.17 12:45:26.800,INFO,custom,121.435354489, 31.027774992, -79
1542429928835,2018.11.17 12:45:28.835,INFO,custom,121.435343721, 31.027797691, -79
1542429930832,2018.11.17 12:45:30.832,INFO,custom,121.435330806, 31.027816441, -79
1542429932832,2018.11.17 12:45:32.832,INFO,custom,121.435312733, 31.027831959, -77
1542429934833,2018.11.17 12:45:34.833,INFO,custom,121.435298416, 31.027850862, -77
1542429937822,2018.11.17 12:45:37.822,INFO,custom,121.435283793, 31.027872214, -79
1542429939810,2018.11.17 12:45:39.810,INFO,custom,121.435273093, 31.027889775, -79
1542429941792,2018.11.17 12:45:41.792,INFO,custom,121.435262424, 31.027909819, -81
1542429943793,2018.11.17 12:45:43.793,INFO,custom,121.435277556, 31.027928923, -81
1542429945879,2018.11.17 12:45:45.879,INFO,custom,121.435301991, 31.027944176, -81
1542429947834,2018.11.17 12:45:47.834,INFO,custom,121.435321475, 31.027957395, -82
1542429949826,2018.11.17 12:45:49.826,INFO,custom,121.435343386, 31.027972128, -82
1542429951799,2018.11.17 12:45:51.799,INFO,custom,121.435369044, 31.027984011, -78
1542429953785,2018.11.17 12:45:53.785,INFO,custom,121.435397904, 31.027988575, -81
1542429955803,2018.11.17 12:45:55.803,INFO,custom,121.435424767, 31.027998572, -81
1542429957810,2018.11.17 12:45:57.810,INFO,custom,121.435449056, 31.028012562, -75
1542429959804,2018.11.17 12:45:59.804,INFO,custom,121.435475622, 31.028021808, -75
1542429961796,2018.11.17 12:46:01.796,INFO,custom,121.435505016, 31.028031917, -79
1542429963800,2018.11.17 12:46:03.800,INFO,custom,121.435537489, 31.028044307, -79
1542429965817,2018.11.17 12:46:05.817,INFO,custom,121.435565309, 31.028057452, -79
1542429967796,2018.11.17 12:46:07.796,INFO,custom,121.43558998, 31.028068503, -79
1542429969793,2018.11.17 12:46:09.793,INFO,custom,121.435609013, 31.02807872, -79
1542429971811,2018.11.17 12:46:11.811,INFO,custom,121.435631666, 31.028087954, -79
1542429973794,2018.11.17 12:46:13.794,INFO,custom,121.435657351, 31.028097557, -78
1542429975814,2018.11.17 12:46:15.814,INFO,custom,121.435685599, 31.028105716, -78
1542429977811,2018.11.17 12:46:17.811,INFO,custom,121.435708469, 31.028115544, -78
1542429979797,2018.11.17 12:46:19.797,INFO,custom,121.435731915, 31.028123007, -78
1542429981794,2018.11.17 12:46:21.794,INFO,custom,121.435756939, 31.028128778, -78
1542429983813,2018.11.17 12:46:23.813,INFO,custom,121.435782277, 31.028134304, -78
1542429985802,2018.11.17 12:46:25.802,INFO,custom,121.435807021, 31.028142518, -78
1542429987815,2018.11.17 12:46:27.815,INFO,custom,121.43583272, 31.028148825, -76
1542429989842,2018.11.17 12:46:29.842,INFO,custom,121.435855167, 31.028153202, -76
1542429991795,2018.11.17 12:46:31.795,INFO,custom,121.435878499, 31.028161821, -76
1542429993797,2018.11.17 12:46:33.797,INFO,custom,121.435909331, 31.028171961, -74
1542429995845,2018.11.17 12:46:35.845,INFO,custom,121.43593715, 31.02817581, -74
1542429997821,2018.11.17 12:46:37.821,INFO,custom,121.435965173, 31.028180119, -74
1542429999899,2018.11.17 12:46:39.899,INFO,custom,121.435992644, 31.028185749, -74
1542430001799,2018.11.17 12:46:41.799,INFO,custom,121.436016042, 31.028190775, -74
1542430003821,2018.11.17 12:46:43.821,INFO,custom,121.436040633, 31.028196388, -74
1542430005804,2018.11.17 12:46:45.804,INFO,custom,121.436068584, 31.028202342, -74
1542430007809,2018.11.17 12:46:47.809,INFO,custom,121.436094798, 31.028214997, -80
1542430009814,2018.11.17 12:46:49.814,INFO,custom,121.436121827, 31.028225202, -80
1542430011845,2018.11.17 12:46:51.845,INFO,custom,121.436150394, 31.028234999, -80
1542430013824,2018.11.17 12:46:53.824,INFO,custom,121.43617665, 31.028248456, -80
1542430015805,2018.11.17 12:46:55.805,INFO,custom,121.436200458, 31.02825748, -80
1542430017863,2018.11.17 12:46:57.863,INFO,custom,121.436226969, 31.028263819, -80
1542430019809,2018.11.17 12:46:59.809,INFO,custom,121.436254269, 31.028272965, -80
1542430021845,2018.11.17 12:47:01.845,INFO,custom,121.436282689, 31.02828099, -80
1542430023854,2018.11.17 12:47:03.854,INFO,custom,121.436307779, 31.028290832, -67
1542430025820,2018.11.17 12:47:05.820,INFO,custom,121.436327641, 31.028300578, -67
1542430027825,2018.11.17 12:47:07.825,INFO,custom,121.436351954, 31.028309103, -67
1542430029802,2018.11.17 12:47:09.802,INFO,custom,121.436379935, 31.028316306, -67
1542430031844,2018.11.17 12:47:11.844,INFO,custom,121.436409064, 31.02831848, -74
1542430033814,2018.11.17 12:47:13.814,INFO,custom,121.436436947, 31.028323074, -74
1542430035835,2018.11.17 12:47:15.835,INFO,custom,121.436456702, 31.028329232, -74
1542430037844,2018.11.17 12:47:17.844,INFO,custom,121.436477764, 31.028338163, -74
1542430039822,2018.11.17 12:47:19.822,INFO,custom,121.436505108, 31.028346905, -74
1542430041827,2018.11.17 12:47:21.827,INFO,custom,121.436536556, 31.028355233, -74
1542430043822,2018.11.17 12:47:23.822,INFO,custom,121.436569881, 31.028358831, -79
1542430045795,2018.11.17 12:47:25.795,INFO,custom,121.436601395, 31.028366843, -79
1542430047872,2018.11.17 12:47:27.872,INFO,custom,121.436632941, 31.0283722, -79
1542430049854,2018.11.17 12:47:29.854,INFO,custom,121.436655895, 31.028377813, -79
1542430051814,2018.11.17 12:47:31.814,INFO,custom,121.436678209, 31.028386776, -79
1542430053849,2018.11.17 12:47:33.849,INFO,custom,121.436695725, 31.02840186, -79
1542430055842,2018.11.17 12:47:35.842,INFO,custom,121.43671656, 31.028415428, -75
1542430057813,2018.11.17 12:47:37.813,INFO,custom,121.436742828, 31.028424625, -70
1542430059824,2018.11.17 12:47:39.824,INFO,custom,121.436766841, 31.028436787, -70
1542430061836,2018.11.17 12:47:41.836,INFO,custom,121.436785908, 31.028444977, -80
1542430063829,2018.11.17 12:47:43.829,INFO,custom,121.436806664, 31.028457354, -80
1542430065805,2018.11.17 12:47:45.805,INFO,custom,121.436831118, 31.02847255, -80
1542430067841,2018.11.17 12:47:47.841,INFO,custom,121.436854312, 31.028486501, -80
1542430069822,2018.11.17 12:47:49.822,INFO,custom,121.43687864, 31.028498293, -80
1542430072823,2018.11.17 12:47:52.823,INFO,custom,121.436907774, 31.028506758, -78
1542430074834,2018.11.17 12:47:54.834,INFO,custom,121.436929545, 31.028512382, -78
1542430076818,2018.11.17 12:47:56.818,INFO,custom,121.436953393, 31.028518851, -75
1542430078820,2018.11.17 12:47:58.820,INFO,custom,121.436981979, 31.028524003, -75
1542430080826,2018.11.17 12:48:00.826,INFO,custom,121.437010521, 31.02853181, -75
1542430082809,2018.11.17 12:48:02.809,INFO,custom,121.437037929, 31.028544384, -75
1542430084855,2018.11.17 12:48:04.855,INFO,custom,121.437063217, 31.028559973, -75
1542430086824,2018.11.17 12:48:06.824,INFO,custom,121.437085165, 31.028568694, -75
1542430088814,2018.11.17 12:48:08.814,INFO,custom,121.437110492, 31.028576256, -79
1542430090832,2018.11.17 12:48:10.832,INFO,custom,121.437136093, 31.028587032, -77
1542430092829,2018.11.17 12:48:12.829,INFO,custom,121.437162891, 31.028598106, -77
1542430094814,2018.11.17 12:48:14.814,INFO,custom,121.437191898, 31.028607365, -81
1542430096799,2018.11.17 12:48:16.799,INFO,custom,121.437220095, 31.028617395, -81
1542430098814,2018.11.17 12:48:18.814,INFO,custom,121.43724529, 31.028626732, -81
1542430100843,2018.11.17 12:48:20.843,INFO,custom,121.437264932, 31.028634503, -81
1542430102824,2018.11.17 12:48:22.824,INFO,custom,121.437288318, 31.028634898, -81
1542430104800,2018.11.17 12:48:24.800,INFO,custom,121.437296246, 31.02860916, -72
1542430106835,2018.11.17 12:48:26.835,INFO,custom,121.437292423, 31.028583692, -72
1542430108794,2018.11.17 12:48:28.794,INFO,custom,121.437289971, 31.028561558, -72
1542430110807,2018.11.17 12:48:30.807,INFO,custom,121.437292533, 31.028535196, -85
1542430112855,2018.11.17 12:48:32.855,INFO,custom,121.437285301, 31.028508204, -73
1542430114793,2018.11.17 12:48:34.793,INFO,custom,121.437281404, 31.028482671, -73
1542430116792,2018.11.17 12:48:36.792,INFO,custom,121.437277548, 31.02845641, -73
1542430118820,2018.11.17 12:48:38.820,INFO,custom,121.437277134, 31.028427258, -73
1542430122814,2018.11.17 12:48:42.814,INFO,custom,121.437269953, 31.028377811, -79
1542430124812,2018.11.17 12:48:44.812,INFO,custom,121.437267937, 31.028357288, -79
1542430126830,2018.11.17 12:48:46.830,INFO,custom,121.43726816, 31.028334557, -78
1542430128842,2018.11.17 12:48:48.842,INFO,custom,121.437273716, 31.028313347, -76
1542430130807,2018.11.17 12:48:50.807,INFO,custom,121.43728229, 31.028293945, -76
1542430133817,2018.11.17 12:48:53.817,INFO,custom,121.437295111, 31.028270333, -82
1542430135812,2018.11.17 12:48:55.812,INFO,custom,121.437286756, 31.028250924, -82
1542430137836,2018.11.17 12:48:57.836,INFO,custom,121.437276573, 31.028227875, -82
1542430139810,2018.11.17 12:48:59.810,INFO,custom,121.437263127, 31.028212573, -81
1542430141815,2018.11.17 12:49:01.815,INFO,custom,121.437249814, 31.028194717, -81
1542430143803,2018.11.17 12:49:03.803,INFO,custom,121.437259262, 31.028171256, -79
1542430145822,2018.11.17 12:49:05.822,INFO,custom,121.437266845, 31.028149075, -79
1542430147812,2018.11.17 12:49:07.812,INFO,custom,121.437276709, 31.028125414, -79
1542430149820,2018.11.17 12:49:09.820,INFO,custom,121.437282499, 31.028101502, -80
1542430151869,2018.11.17 12:49:11.869,INFO,custom,121.437287921, 31.02807892, -80
1542430153818,2018.11.17 12:49:13.818,INFO,custom,121.437296816, 31.028060672, -78
1542430155816,2018.11.17 12:49:15.816,INFO,custom,121.437307103, 31.028042571, -78
1542430157825,2018.11.17 12:49:17.825,INFO,custom,121.437320074, 31.028022987, -78
1542430159800,2018.11.17 12:49:19.800,INFO,custom,121.437332213, 31.028004867, -77
1542430161807,2018.11.17 12:49:21.807,INFO,custom,121.437340519, 31.027984431, -77
1542430164803,2018.11.17 12:49:24.803,INFO,custom,121.437348646, 31.027957527, -77
1542430166828,2018.11.17 12:49:26.828,INFO,custom,121.437350821, 31.027933792, -77
1542430168792,2018.11.17 12:49:28.792,INFO,custom,121.437351362, 31.027905698, -77
1542430170806,2018.11.17 12:49:30.806,INFO,custom,121.437354025, 31.027879265, -77
1542430172824,2018.11.17 12:49:32.824,INFO,custom,121.437348847, 31.027852864, -77
1542430174831,2018.11.17 12:49:34.831,INFO,custom,121.437350448, 31.027827824, -78
1542430176803,2018.11.17 12:49:36.803,INFO,custom,121.437350722, 31.027801355, -75
1542430178812,2018.11.17 12:49:38.812,INFO,custom,121.437349431, 31.027780132, -75
1542430180818,2018.11.17 12:49:40.818,INFO,custom,121.43735615, 31.027760562, -75
1542430182821,2018.11.17 12:49:42.821,INFO,custom,121.437359336, 31.027736134, -75
1542430184844,2018.11.17 12:49:44.844,INFO,custom,121.437353652, 31.027706698, -75
1542430186823,2018.11.17 12:49:46.823,INFO,custom,121.437349319, 31.02767856, -75
1542430188821,2018.11.17 12:49:48.821,INFO,custom,121.437349946, 31.027650113, -75
1542430190815,2018.11.17 12:49:50.815,INFO,custom,121.437343175, 31.027622567, -72
1542430192811,2018.11.17 12:49:52.811,INFO,custom,121.437333844, 31.027595387, -75
1542430194819,2018.11.17 12:49:54.819,INFO,custom,121.437322264, 31.027562906, -75
1542430196807,2018.11.17 12:49:56.807,INFO,custom,121.437314442, 31.027535759, -78
1542430198819,2018.11.17 12:49:58.819,INFO,custom,121.437310827, 31.027511421, -78
1542430201829,2018.11.17 12:50:01.829,INFO,custom,121.437316692, 31.027492347, -78
