1542423267077,2018.11.17 10:54:27.077,INFO,custom,121.4372956, 31.02843995, -65
1542423268902,2018.11.17 10:54:28.902,INFO,custom,121.43731003, 31.0284203, -65
1542423269906,2018.11.17 10:54:29.906,INFO,custom,121.43731057, 31.0284078, -67
1542423271899,2018.11.17 10:54:31.899,INFO,custom,121.43729711, 31.0284001, -67
1542423272910,2018.11.17 10:54:32.910,INFO,custom,121.4373015, 31.02838426, -69
1542423274910,2018.11.17 10:54:34.910,INFO,custom,121.43730167, 31.02837074, -69
1542423276920,2018.11.17 10:54:36.920,INFO,custom,121.43730176, 31.02835797, -68
1542423278919,2018.11.17 10:54:38.919,INFO,custom,121.43730531, 31.02834595, -68
1542423280919,2018.11.17 10:54:40.919,INFO,custom,121.43730945, 31.02832893, -68
1542423281915,2018.11.17 10:54:41.915,INFO,custom,121.43731035, 31.02831909, -68
1542423287893,2018.11.17 10:54:47.893,INFO,custom,121.43732964992523, 31.028255224227905, -68
1542423288902,2018.11.17 10:54:48.902,INFO,custom,121.43730357, 31.028272, -68
1542423289904,2018.11.17 10:54:49.904,INFO,custom,121.43730473, 31.02823311, -68
1542423291900,2018.11.17 10:54:51.900,INFO,custom,121.43729652, 31.02822556, -69
1542423293907,2018.11.17 10:54:53.907,INFO,custom,121.43730003, 31.02820912, -69
1542423295915,2018.11.17 10:54:55.915,INFO,custom,121.43729974, 31.02819723, -69
1542423297911,2018.11.17 10:54:57.911,INFO,custom,121.43729825, 31.02818306, -69
1542423299919,2018.11.17 10:54:59.919,INFO,custom,121.43729917, 31.02816572, -74
1542423301918,2018.11.17 10:55:01.918,INFO,custom,121.43729898, 31.02815053, -74
1542423303920,2018.11.17 10:55:03.920,INFO,custom,121.43729642, 31.02813515, -74
1542423350918,2018.11.17 10:55:50.918,INFO,custom,121.43740678, 31.02766282, -65
1542423351902,2018.11.17 10:55:51.902,INFO,custom,121.43741542, 31.02762849, -65
1542423353901,2018.11.17 10:55:53.901,INFO,custom,121.43741365, 31.0276177, -65
1542423356910,2018.11.17 10:55:56.910,INFO,custom,121.43741856, 31.02760301, -65
1542423358919,2018.11.17 10:55:58.919,INFO,custom,121.43742251, 31.02758743, -65
1542423360917,2018.11.17 10:56:00.917,INFO,custom,121.43742676, 31.02757337, -71
1542423362920,2018.11.17 10:56:02.920,INFO,custom,121.43743365, 31.02755711, -71
1542423364915,2018.11.17 10:56:04.915,INFO,custom,121.43744051, 31.0275394, -71
1542423387904,2018.11.17 10:56:27.904,INFO,custom,121.43752911, 31.02736984, -68
1542423388903,2018.11.17 10:56:28.903,INFO,custom,121.43755397, 31.02734479, -68
1542423389902,2018.11.17 10:56:29.902,INFO,custom,121.43756649, 31.02734046, -68
1542423390905,2018.11.17 10:56:30.905,INFO,custom,121.43757193, 31.0273286, -68
1542423391908,2018.11.17 10:56:31.908,INFO,custom,121.43757693, 31.0273181, -68
1542423392908,2018.11.17 10:56:32.908,INFO,custom,121.43758186, 31.02730686, -68
1542423394916,2018.11.17 10:56:34.916,INFO,custom,121.43759076, 31.02728784, -68
1542423395913,2018.11.17 10:56:35.913,INFO,custom,121.43759707, 31.02727515, -68
1542423396916,2018.11.17 10:56:36.916,INFO,custom,121.43760298, 31.02726289, -68
1542423397918,2018.11.17 10:56:37.918,INFO,custom,121.4376087, 31.02725183, -66
1542423398916,2018.11.17 10:56:38.916,INFO,custom,121.43761472, 31.02724089, -66
1542423399917,2018.11.17 10:56:39.917,INFO,custom,121.43762168, 31.02722808, -66
1542423400907,2018.11.17 10:56:40.907,INFO,custom,121.43762684, 31.02721804, -66
1542423401912,2018.11.17 10:56:41.912,INFO,custom,121.43763149, 31.02720864, -66
1542423411906,2018.11.17 10:56:51.906,INFO,custom,121.43764354, 31.02720252, -67
1542423428914,2018.11.17 10:57:08.914,INFO,custom,121.43765106, 31.02719517, -67
1542423430916,2018.11.17 10:57:10.916,INFO,custom,121.43766392, 31.02718074, -67
1542423431917,2018.11.17 10:57:11.917,INFO,custom,121.4376688, 31.0271713, -67
1542423432917,2018.11.17 10:57:12.917,INFO,custom,121.43767329, 31.02716076, -67
1542423433921,2018.11.17 10:57:13.921,INFO,custom,121.43767802, 31.02715038, -67
1542423434920,2018.11.17 10:57:14.920,INFO,custom,121.4376829, 31.02714067, -67
1542423435923,2018.11.17 10:57:15.923,INFO,custom,121.43768838, 31.02713064, -67
1542423436918,2018.11.17 10:57:16.918,INFO,custom,121.4376944, 31.02712047, -67
1542423437915,2018.11.17 10:57:17.915,INFO,custom,121.43770046, 31.0271111, -66
1542423438916,2018.11.17 10:57:18.916,INFO,custom,121.43770781, 31.02710149, -66
1542423439920,2018.11.17 10:57:19.920,INFO,custom,121.4377157, 31.02709203, -66
1542423440919,2018.11.17 10:57:20.919,INFO,custom,121.43772332, 31.02708268, -66
1542423441957,2018.11.17 10:57:21.957,INFO,custom,121.43773109, 31.02707273, -66
1542423442915,2018.11.17 10:57:22.915,INFO,custom,121.43773954, 31.02706244, -66
1542423443917,2018.11.17 10:57:23.917,INFO,custom,121.43774713, 31.02705325, -66
1542423444917,2018.11.17 10:57:24.917,INFO,custom,121.43775449, 31.02704429, -68
1542423445910,2018.11.17 10:57:25.910,INFO,custom,121.43776196, 31.02703537, -68
1542423446909,2018.11.17 10:57:26.909,INFO,custom,121.43776862, 31.02702782, -68
1542423447912,2018.11.17 10:57:27.912,INFO,custom,121.43777649, 31.02702073, -63
1542423448906,2018.11.17 10:57:28.906,INFO,custom,121.43778503, 31.02701367, -63
1542423449910,2018.11.17 10:57:29.910,INFO,custom,121.43779252, 31.02700664, -63
1542423450913,2018.11.17 10:57:30.913,INFO,custom,121.43779868, 31.02699912, -63
1542423452931,2018.11.17 10:57:32.931,INFO,custom,121.43781131, 31.02698735, -63
1542423454922,2018.11.17 10:57:34.922,INFO,custom,121.43782544, 31.02697779, -63
1542423455918,2018.11.17 10:57:35.918,INFO,custom,121.43783305, 31.02697136, -63
1542423457930,2018.11.17 10:57:37.930,INFO,custom,121.43784879, 31.02696028, -71
1542423458927,2018.11.17 10:57:38.927,INFO,custom,121.43785798, 31.02695462, -71
1542423459922,2018.11.17 10:57:39.922,INFO,custom,121.43786687, 31.02694804, -71
1542423460918,2018.11.17 10:57:40.918,INFO,custom,121.43787531, 31.02694041, -71
1542423461917,2018.11.17 10:57:41.917,INFO,custom,121.43788322, 31.02693248, -71
1542423462914,2018.11.17 10:57:42.914,INFO,custom,121.43789132, 31.02692374, -71
1542423463919,2018.11.17 10:57:43.919,INFO,custom,121.43789902, 31.02691599, -71
1542423464915,2018.11.17 10:57:44.915,INFO,custom,121.43790652, 31.02690827, -71
1542423465922,2018.11.17 10:57:45.922,INFO,custom,121.43791321, 31.02690051, -71
1542423466918,2018.11.17 10:57:46.918,INFO,custom,121.43791997, 31.02689302, -71
1542423467929,2018.11.17 10:57:47.929,INFO,custom,121.43792685, 31.0268862, -75
1542423469920,2018.11.17 10:57:49.920,INFO,custom,121.43794265, 31.02687471, -75
1542423471921,2018.11.17 10:57:51.921,INFO,custom,121.43795947, 31.02686358, -75
1542423472913,2018.11.17 10:57:52.913,INFO,custom,121.43796726, 31.02685706, -73
1542423473914,2018.11.17 10:57:53.914,INFO,custom,121.43797484, 31.02684968, -73
1542423474915,2018.11.17 10:57:54.915,INFO,custom,121.43798361, 31.02684115, -73
1542423509001,2018.11.17 10:58:29.001,INFO,custom,121.43816649913788, 31.026715636253357, -54
1542423509909,2018.11.17 10:58:29.909,INFO,custom,121.43829199, 31.02664417, -64
1542423510904,2018.11.17 10:58:30.904,INFO,custom,121.43830557, 31.02662037, -64
1542423511902,2018.11.17 10:58:31.902,INFO,custom,121.43831487, 31.02661514, -64
1542423512902,2018.11.17 10:58:32.902,INFO,custom,121.43832804, 31.02661158, -64
1542423513904,2018.11.17 10:58:33.904,INFO,custom,121.43833868, 31.02660225, -64
1542423514925,2018.11.17 10:58:34.925,INFO,custom,121.43834807, 31.02659499, -64
1542423515913,2018.11.17 10:58:35.913,INFO,custom,121.43835751, 31.0265901, -64
1542423516917,2018.11.17 10:58:36.917,INFO,custom,121.43836806, 31.02658489, -64
1542423517913,2018.11.17 10:58:37.913,INFO,custom,121.43838039, 31.02657863, -64
1542423518916,2018.11.17 10:58:38.916,INFO,custom,121.4383909, 31.02657371, -64
1542423519926,2018.11.17 10:58:39.926,INFO,custom,121.43840092, 31.02657031, -60
1542423520914,2018.11.17 10:58:40.914,INFO,custom,121.43841244, 31.02656506, -60
1542423521912,2018.11.17 10:58:41.912,INFO,custom,121.4384223, 31.02655841, -60
1542423522917,2018.11.17 10:58:42.917,INFO,custom,121.43843077, 31.02655165, -60
1542423523912,2018.11.17 10:58:43.912,INFO,custom,121.43844026, 31.026545, -60
1542423524927,2018.11.17 10:58:44.927,INFO,custom,121.43845079, 31.02653901, -60
1542423525911,2018.11.17 10:58:45.911,INFO,custom,121.4384621, 31.02653313, -60
1542423526912,2018.11.17 10:58:46.912,INFO,custom,121.43847283, 31.02652849, -60
1542423527914,2018.11.17 10:58:47.914,INFO,custom,121.43848451, 31.02652444, -60
1542423528916,2018.11.17 10:58:48.916,INFO,custom,121.43849515, 31.02652071, -60
1542423529925,2018.11.17 10:58:49.925,INFO,custom,121.43850561, 31.02651756, -70
1542423530918,2018.11.17 10:58:50.918,INFO,custom,121.43851746, 31.02651278, -70
1542423531915,2018.11.17 10:58:51.915,INFO,custom,121.43852882, 31.02650829, -70
1542423532916,2018.11.17 10:58:52.916,INFO,custom,121.43853866, 31.02650334, -70
1542423533914,2018.11.17 10:58:53.914,INFO,custom,121.43854823, 31.02649817, -70
1542423534924,2018.11.17 10:58:54.924,INFO,custom,121.43855794, 31.02649323, -70
1542423535916,2018.11.17 10:58:55.916,INFO,custom,121.43856846, 31.02648819, -70
1542423536915,2018.11.17 10:58:56.915,INFO,custom,121.4385798, 31.02648309, -70
1542423537912,2018.11.17 10:58:57.912,INFO,custom,121.4385907, 31.02647849, -70
1542423538911,2018.11.17 10:58:58.911,INFO,custom,121.43860117, 31.0264748, -70
1542423539916,2018.11.17 10:58:59.916,INFO,custom,121.43861235, 31.02647174, -70
1542423540915,2018.11.17 10:59:00.915,INFO,custom,121.43862387, 31.02646851, -70
1542423541917,2018.11.17 10:59:01.917,INFO,custom,121.43863615, 31.02646532, -70
1542423542917,2018.11.17 10:59:02.917,INFO,custom,121.43864816, 31.02646152, -70
1542423543910,2018.11.17 10:59:03.910,INFO,custom,121.43866059, 31.02645833, -70
1542423544905,2018.11.17 10:59:04.905,INFO,custom,121.43867337, 31.02645552, -70
1542423545904,2018.11.17 10:59:05.904,INFO,custom,121.43868639, 31.02645204, -70
1542423546906,2018.11.17 10:59:06.906,INFO,custom,121.43870008, 31.02643494, -70
1542423547909,2018.11.17 10:59:07.909,INFO,custom,121.43871054, 31.0264313, -70
1542423562913,2018.11.17 10:59:22.913,INFO,custom,121.43886373, 31.02638305, -75
1542423563918,2018.11.17 10:59:23.918,INFO,custom,121.43887544, 31.02638061, -75
1542423564920,2018.11.17 10:59:24.920,INFO,custom,121.43888767, 31.02637752, -75
1542423565913,2018.11.17 10:59:25.913,INFO,custom,121.43889949, 31.02637399, -71
1542423566913,2018.11.17 10:59:26.913,INFO,custom,121.43890993, 31.0263713, -71
1542423567915,2018.11.17 10:59:27.915,INFO,custom,121.43892212, 31.02636928, -71
1542423568914,2018.11.17 10:59:28.914,INFO,custom,121.4389348, 31.02636723, -71
1542423569920,2018.11.17 10:59:29.920,INFO,custom,121.43894807, 31.02636523, -71
1542423570917,2018.11.17 10:59:30.917,INFO,custom,121.43895979, 31.02636264, -71
1542423571915,2018.11.17 10:59:31.915,INFO,custom,121.43897025, 31.02635937, -69
1542423572916,2018.11.17 10:59:32.916,INFO,custom,121.43898198, 31.02635568, -69
1542423573923,2018.11.17 10:59:33.923,INFO,custom,121.43899412, 31.02635213, -69
1542423574919,2018.11.17 10:59:34.919,INFO,custom,121.4390069, 31.02634835, -69
1542423575914,2018.11.17 10:59:35.914,INFO,custom,121.43901952, 31.02634436, -69
1542423576915,2018.11.17 10:59:36.915,INFO,custom,121.43903209, 31.02634054, -69
1542423577934,2018.11.17 10:59:37.934,INFO,custom,121.43904582, 31.02633736, -69
1542423578930,2018.11.17 10:59:38.930,INFO,custom,121.43905993, 31.02633452, -69
1542423579920,2018.11.17 10:59:39.920,INFO,custom,121.43907351, 31.02633184, -69
1542423580921,2018.11.17 10:59:40.921,INFO,custom,121.43908655, 31.0263298, -69
1542423705512,2018.11.17 11:01:45.512,INFO,custom,121.44056946, 31.02654581, -76
1542423705514,2018.11.17 11:01:45.514,INFO,custom,121.4405796, 31.02655233, -76
1542423705902,2018.11.17 11:01:45.902,INFO,custom,121.44058852, 31.02655857, -76
1542423706901,2018.11.17 11:01:46.901,INFO,custom,121.44059585, 31.02656509, -78
1542423707901,2018.11.17 11:01:47.901,INFO,custom,121.44060514, 31.02657139, -78
1542423708898,2018.11.17 11:01:48.898,INFO,custom,121.44061471, 31.02657785, -78
1542423709900,2018.11.17 11:01:49.900,INFO,custom,121.44062577, 31.02658473, -79
1542423710898,2018.11.17 11:01:50.898,INFO,custom,121.44063621, 31.02659156, -79
1542423711898,2018.11.17 11:01:51.898,INFO,custom,121.44064579, 31.02659851, -79
1542423712901,2018.11.17 11:01:52.901,INFO,custom,121.44065463, 31.02660398, -80
1542423713901,2018.11.17 11:01:53.901,INFO,custom,121.44066416, 31.026611, -80
1542423714900,2018.11.17 11:01:54.900,INFO,custom,121.44067351, 31.02661731, -80
1542423715901,2018.11.17 11:01:55.901,INFO,custom,121.44068261, 31.02662535, -82
1542423716901,2018.11.17 11:01:56.901,INFO,custom,121.44069177, 31.02663351, -82
1542423717900,2018.11.17 11:01:57.900,INFO,custom,121.44070158, 31.02664307, -74
1542423718897,2018.11.17 11:01:58.897,INFO,custom,121.44071056, 31.0266514, -74
1542423719900,2018.11.17 11:01:59.900,INFO,custom,121.44071989, 31.02665939, -74
1542423720900,2018.11.17 11:02:00.900,INFO,custom,121.44072808, 31.02666722, -74
1542423721899,2018.11.17 11:02:01.899,INFO,custom,121.440736, 31.0266761, -74
1542423722898,2018.11.17 11:02:02.898,INFO,custom,121.44074323, 31.026684, -74
1542423723898,2018.11.17 11:02:03.898,INFO,custom,121.44075158, 31.02669168, -74
1542423724900,2018.11.17 11:02:04.900,INFO,custom,121.44076068, 31.02669893, -74
1542423725898,2018.11.17 11:02:05.898,INFO,custom,121.44077002, 31.02670529, -74
1542423726897,2018.11.17 11:02:06.897,INFO,custom,121.44078013, 31.02671256, -74
1542423727901,2018.11.17 11:02:07.901,INFO,custom,121.44078962, 31.0267195, -72
1542423728901,2018.11.17 11:02:08.901,INFO,custom,121.4408007, 31.02672752, -72
1542423729899,2018.11.17 11:02:09.899,INFO,custom,121.44081143, 31.02673513, -72
1542423730901,2018.11.17 11:02:10.901,INFO,custom,121.44082209, 31.02674297, -72
1542423731899,2018.11.17 11:02:11.899,INFO,custom,121.4408328, 31.02675105, -72
1542423732897,2018.11.17 11:02:12.897,INFO,custom,121.44084305, 31.02675884, -72
1542423733894,2018.11.17 11:02:13.894,INFO,custom,121.44085399, 31.02676857, -72
1542423734900,2018.11.17 11:02:14.900,INFO,custom,121.44086468, 31.02677912, -72
1542423735900,2018.11.17 11:02:15.900,INFO,custom,121.44087422, 31.02678788, -72
1542423736902,2018.11.17 11:02:16.902,INFO,custom,121.44088219, 31.02679609, -72
1542423737904,2018.11.17 11:02:17.904,INFO,custom,121.44089068, 31.026804, -73
1542423738903,2018.11.17 11:02:18.903,INFO,custom,121.44089933, 31.0268134, -73
1542423739901,2018.11.17 11:02:19.901,INFO,custom,121.44090801, 31.02682301, -73
1542423740899,2018.11.17 11:02:20.899,INFO,custom,121.44091828, 31.02683358, -73
1542423741901,2018.11.17 11:02:21.901,INFO,custom,121.44092693, 31.02684318, -73
1542423742900,2018.11.17 11:02:22.900,INFO,custom,121.4409337, 31.02685236, -73
1542423743904,2018.11.17 11:02:23.904,INFO,custom,121.44094192, 31.02686253, -73
1542423744901,2018.11.17 11:02:24.901,INFO,custom,121.44094977, 31.02687068, -73
1542423746899,2018.11.17 11:02:26.899,INFO,custom,121.44096392, 31.02688268, -73
1542423747903,2018.11.17 11:02:27.903,INFO,custom,121.44097197, 31.02688861, -72
1542423749901,2018.11.17 11:02:29.901,INFO,custom,121.44098668, 31.0269015, -72
1542423750898,2018.11.17 11:02:30.898,INFO,custom,121.44099583, 31.02691002, -72
1542423751900,2018.11.17 11:02:31.900,INFO,custom,121.44100377, 31.02691856, -72
1542423752903,2018.11.17 11:02:32.903,INFO,custom,121.44101076, 31.02692678, -72
1542423753903,2018.11.17 11:02:33.903,INFO,custom,121.4410175, 31.02693602, -72
1542423754901,2018.11.17 11:02:34.901,INFO,custom,121.44102508, 31.02694462, -72
1542423755901,2018.11.17 11:02:35.901,INFO,custom,121.44103268, 31.02695422, -72
1542423756899,2018.11.17 11:02:36.899,INFO,custom,121.44103944, 31.02696333, -72
1542423757899,2018.11.17 11:02:37.899,INFO,custom,121.44104674, 31.02697136, -81
1542423758902,2018.11.17 11:02:38.902,INFO,custom,121.4410557, 31.02697995, -81
1542423759900,2018.11.17 11:02:39.900,INFO,custom,121.44106321, 31.02698745, -81
1542423760899,2018.11.17 11:02:40.899,INFO,custom,121.44107031, 31.02699483, -81
1542423762897,2018.11.17 11:02:42.897,INFO,custom,121.44108325, 31.02701222, -81
1542423763904,2018.11.17 11:02:43.904,INFO,custom,121.44109162, 31.02702207, -81
1542423764899,2018.11.17 11:02:44.899,INFO,custom,121.44110048, 31.02703115, -81
1542423765901,2018.11.17 11:02:45.901,INFO,custom,121.44110994, 31.02704123, -81
1542423766902,2018.11.17 11:02:46.902,INFO,custom,121.44111874, 31.02705146, -81
1542423767897,2018.11.17 11:02:47.897,INFO,custom,121.44112589, 31.02706018, -74
1542423768901,2018.11.17 11:02:48.901,INFO,custom,121.44113304, 31.02706922, -74
1542423769902,2018.11.17 11:02:49.902,INFO,custom,121.44114029, 31.02707757, -74
1542423770894,2018.11.17 11:02:50.894,INFO,custom,121.44114782, 31.02708614, -74
1542423771903,2018.11.17 11:02:51.903,INFO,custom,121.44115493, 31.02709542, -74
1542423772901,2018.11.17 11:02:52.901,INFO,custom,121.44116176, 31.02710524, -74
1542423773901,2018.11.17 11:02:53.901,INFO,custom,121.44116972, 31.02711447, -74
1542423774901,2018.11.17 11:02:54.901,INFO,custom,121.44117807, 31.0271236, -74
1542423775897,2018.11.17 11:02:55.897,INFO,custom,121.44118763, 31.02713476, -74
1542423776897,2018.11.17 11:02:56.897,INFO,custom,121.4411955, 31.02714541, -74
1542423777901,2018.11.17 11:02:57.901,INFO,custom,121.44120546, 31.02715524, -76
1542423778900,2018.11.17 11:02:58.900,INFO,custom,121.44121583, 31.02716352, -74
1542423779897,2018.11.17 11:02:59.897,INFO,custom,121.44122599, 31.02717259, -74
1542423780896,2018.11.17 11:03:00.896,INFO,custom,121.44123506, 31.02718108, -74
1542423781899,2018.11.17 11:03:01.899,INFO,custom,121.44124301, 31.02718911, -73
1542423782902,2018.11.17 11:03:02.902,INFO,custom,121.44125138, 31.02719754, -73
1542423783899,2018.11.17 11:03:03.899,INFO,custom,121.44125866, 31.02720598, -73
1542423784896,2018.11.17 11:03:04.896,INFO,custom,121.44126598, 31.02721615, -73
1542423785919,2018.11.17 11:03:05.919,INFO,custom,121.44127235, 31.02722665, -73
1542423786902,2018.11.17 11:03:06.902,INFO,custom,121.44127729, 31.02723592, -73
1542423787902,2018.11.17 11:03:07.902,INFO,custom,121.44128196, 31.02724537, -59
1542423788902,2018.11.17 11:03:08.902,INFO,custom,121.44128644, 31.02725426, -59
1542423789898,2018.11.17 11:03:09.898,INFO,custom,121.44129216, 31.02726256, -59
1542423790918,2018.11.17 11:03:10.918,INFO,custom,121.44129836, 31.02727046, -59
1542423792902,2018.11.17 11:03:12.902,INFO,custom,121.44131024, 31.02728649, -59
1542423793898,2018.11.17 11:03:13.898,INFO,custom,121.44131669, 31.0272956, -59
1542423794898,2018.11.17 11:03:14.898,INFO,custom,121.44132183, 31.02730514, -59
1542423795898,2018.11.17 11:03:15.898,INFO,custom,121.44132706, 31.02731608, -59
1542423796898,2018.11.17 11:03:16.898,INFO,custom,121.44133292, 31.02732702, -59
1542423797897,2018.11.17 11:03:17.897,INFO,custom,121.44133926, 31.02733657, -72
1542423798898,2018.11.17 11:03:18.898,INFO,custom,121.44134577, 31.0273459, -72
1542423799899,2018.11.17 11:03:19.899,INFO,custom,121.44135311, 31.02735528, -72
1542423800896,2018.11.17 11:03:20.896,INFO,custom,121.44136002, 31.02736373, -72
1542423801896,2018.11.17 11:03:21.896,INFO,custom,121.44136691, 31.0273717, -72
1542423803896,2018.11.17 11:03:23.896,INFO,custom,121.4413816, 31.02738814, -72
1542423851849,2018.11.17 11:04:11.849,INFO,custom,121.44140124320984, 31.02768123149872, -71
1542425208958,2018.11.17 11:26:48.958,INFO,custom,121.43778562545776, 31.02741837501526, -55
1542425210948,2018.11.17 11:26:50.948,INFO,custom,121.43706679344177, 31.02739155292511, -55
1542426716961,2018.11.17 11:51:56.961,INFO,custom,121.43719017505646, 31.025068759918213, -49
1542426718962,2018.11.17 11:51:58.962,INFO,custom,121.43690427, 31.0252503, -49
1542426720954,2018.11.17 11:52:00.954,INFO,custom,121.43690586090088, 31.025336980819702, -49
1542428233917,2018.11.17 12:17:13.917,INFO,custom,121.43721163272858, 31.02762222290039, -38
1542428237915,2018.11.17 12:17:17.915,INFO,custom,121.43732265, 31.02742684, -38
1542428239919,2018.11.17 12:17:19.919,INFO,custom,121.43734481, 31.02738313, -50
1542428241913,2018.11.17 12:17:21.913,INFO,custom,121.43732444, 31.0274114, -50
1542428245916,2018.11.17 12:17:25.916,INFO,custom,121.43733522, 31.02739505, -50
1542428261919,2018.11.17 12:17:41.919,INFO,custom,121.4373179, 31.02740643, -35
1542428268919,2018.11.17 12:17:48.919,INFO,custom,121.43732195, 31.02738829, -35
1542428270930,2018.11.17 12:17:50.930,INFO,custom,121.4373008, 31.02738257, -35
1542428274914,2018.11.17 12:17:54.914,INFO,custom,121.43727554, 31.02737875, -57
1542428332922,2018.11.17 12:18:52.922,INFO,custom,121.43732187, 31.02734649, -54
1542428336929,2018.11.17 12:18:56.929,INFO,custom,121.43726271, 31.02725156, -54
1542428338927,2018.11.17 12:18:58.927,INFO,custom,121.43725056, 31.02719073, -65
1542428340914,2018.11.17 12:19:00.914,INFO,custom,121.43731185, 31.02721256, -65
1542428342918,2018.11.17 12:19:02.918,INFO,custom,121.43731751, 31.02735827, -65
1542428481632,2018.11.17 12:21:21.632,INFO,custom,121.43730819225311, 31.02737545967102, -60
1542428485913,2018.11.17 12:21:25.913,INFO,custom,121.43724681, 31.02745212, -66
1542428487913,2018.11.17 12:21:27.913,INFO,custom,121.43722606, 31.02747896, -66
1542428489912,2018.11.17 12:21:29.912,INFO,custom,121.4372654, 31.02744767, -66
1542428491912,2018.11.17 12:21:31.912,INFO,custom,121.43730661, 31.02742663, -66
1542428497913,2018.11.17 12:21:37.913,INFO,custom,121.43732409, 31.02741501, -65
1542428499910,2018.11.17 12:21:39.910,INFO,custom,121.43731153, 31.02743226, -65
1542428508913,2018.11.17 12:21:48.913,INFO,custom,121.43732995, 31.02744523, -64
1542428530936,2018.11.17 12:22:10.936,INFO,custom,121.43735367, 31.0274522, -64
1542428536913,2018.11.17 12:22:16.913,INFO,custom,121.4373373, 31.0274686, -65
1542428576913,2018.11.17 12:22:56.913,INFO,custom,121.43734811, 31.02748533, -64
1542428586911,2018.11.17 12:23:06.911,INFO,custom,121.43736368, 31.02749912, -61
1542428590912,2018.11.17 12:23:10.912,INFO,custom,121.43735463, 31.02751916, -61
1542428600913,2018.11.17 12:23:20.913,INFO,custom,121.43736207, 31.02754391, -68
1542428604912,2018.11.17 12:23:24.912,INFO,custom,121.43736303, 31.02757092, -66
1542428608915,2018.11.17 12:23:28.915,INFO,custom,121.43736357, 31.02760379, -63
1542428610916,2018.11.17 12:23:30.916,INFO,custom,121.4373606, 31.02762501, -63
1542428612915,2018.11.17 12:23:32.915,INFO,custom,121.43735924, 31.02764437, -63
1542428616915,2018.11.17 12:23:36.915,INFO,custom,121.437368, 31.02766277, -63
1542428724910,2018.11.17 12:25:24.910,INFO,custom,121.43738306, 31.0276768, -72
1542428805908,2018.11.17 12:26:45.908,INFO,custom,121.43740582, 31.0276998, -64
1542428807908,2018.11.17 12:26:47.908,INFO,custom,121.43741519, 31.02767927, -64
1542428817908,2018.11.17 12:26:57.908,INFO,custom,121.43739919, 31.02769408, -68
1542428824909,2018.11.17 12:27:04.909,INFO,custom,121.43737675, 31.02768916, -63
1542428850917,2018.11.17 12:27:30.917,INFO,custom,121.43737537, 31.02766944, -67
1542428860907,2018.11.17 12:27:40.907,INFO,custom,121.43735091, 31.02767942, -69
1542428866907,2018.11.17 12:27:46.907,INFO,custom,121.43733265, 31.02769507, -66
1542428882910,2018.11.17 12:28:02.910,INFO,custom,121.4373578, 31.02770437, -65
1542428900914,2018.11.17 12:28:20.914,INFO,custom,121.4373517, 31.02768604, -73
1542428906910,2018.11.17 12:28:26.910,INFO,custom,121.43738503, 31.02766758, -68
1542428910909,2018.11.17 12:28:30.909,INFO,custom,121.43740778, 31.02767313, -68
1542428936909,2018.11.17 12:28:56.909,INFO,custom,121.43738663, 31.02766901, -76
1542428990913,2018.11.17 12:29:50.913,INFO,custom,121.43740817, 31.02766646, -69
1542429425903,2018.11.17 12:37:05.903,INFO,custom,121.4380270242691, 31.02437138557434, -75
1542429429906,2018.11.17 12:37:09.906,INFO,custom,121.43805392, 31.02428981, -75
1542429431908,2018.11.17 12:37:11.908,INFO,custom,121.43807083, 31.02427688, -75
1542429433902,2018.11.17 12:37:13.902,INFO,custom,121.43810863, 31.02422167, -75
1542429441906,2018.11.17 12:37:21.906,INFO,custom,121.43813208, 31.02422094, -73
1542429443908,2018.11.17 12:37:23.908,INFO,custom,121.43810353, 31.02423536, -73
1542429446928,2018.11.17 12:37:26.928,INFO,custom,121.43807387, 31.02423467, -67
1542429450920,2018.11.17 12:37:30.920,INFO,custom,121.43807103, 31.02425309, -66
1542429456916,2018.11.17 12:37:36.916,INFO,custom,121.43805297, 31.02427843, -62
1542429460911,2018.11.17 12:37:40.911,INFO,custom,121.43804485, 31.02430096, -62
1542429468905,2018.11.17 12:37:48.905,INFO,custom,121.43803286, 31.02431768, -69
1542429508912,2018.11.17 12:38:28.912,INFO,custom,121.43802179, 31.02430191, -67
1542429512918,2018.11.17 12:38:32.918,INFO,custom,121.43800703, 31.0242877, -67
1542429514916,2018.11.17 12:38:34.916,INFO,custom,121.4379838, 31.02428025, -67
1542429524920,2018.11.17 12:38:44.920,INFO,custom,121.4380055, 31.02428997, -63
1542429534915,2018.11.17 12:38:54.915,INFO,custom,121.4380176, 31.02427248, -68
1542429540905,2018.11.17 12:39:00.905,INFO,custom,121.43803622, 31.02424121, -65
1542429554909,2018.11.17 12:39:14.909,INFO,custom,121.43787682056427, 31.02415680885315, -69
1542429563923,2018.11.17 12:39:23.923,INFO,custom,121.43783679, 31.02414845, -69
1542429569915,2018.11.17 12:39:29.915,INFO,custom,121.43780976, 31.02415582, -64
1542429575910,2018.11.17 12:39:35.910,INFO,custom,121.4377777, 31.02415904, -61
1542429579921,2018.11.17 12:39:39.921,INFO,custom,121.4377436, 31.02414474, -61
1542429583920,2018.11.17 12:39:43.920,INFO,custom,121.43770826, 31.02414682, -61
1542429595924,2018.11.17 12:39:55.924,INFO,custom,121.43760995, 31.02411941, -54
1542429601920,2018.11.17 12:40:01.920,INFO,custom,121.43757411, 31.02412666, -54
1542429603920,2018.11.17 12:40:03.920,INFO,custom,121.43754898, 31.02412143, -54
1542429605919,2018.11.17 12:40:05.919,INFO,custom,121.43752828, 31.02410882, -70
1542429607921,2018.11.17 12:40:07.921,INFO,custom,121.43750967, 31.02409605, -70
1542429609921,2018.11.17 12:40:09.921,INFO,custom,121.43748791, 31.02408924, -66
1542429611921,2018.11.17 12:40:11.921,INFO,custom,121.43746521, 31.02408135, -66
1542429613921,2018.11.17 12:40:13.921,INFO,custom,121.43744185, 31.024078, -66
1542429647945,2018.11.17 12:40:47.945,INFO,custom,121.43719683, 31.02415133, -70
1542429649939,2018.11.17 12:40:49.939,INFO,custom,121.43718052, 31.02416711, -69
1542429651935,2018.11.17 12:40:51.935,INFO,custom,121.43716344, 31.02418287, -69
1542429653923,2018.11.17 12:40:53.923,INFO,custom,121.43714588, 31.02419979, -69
1542429665929,2018.11.17 12:41:05.929,INFO,custom,121.43707399, 31.02429953, -68
1542429675939,2018.11.17 12:41:15.939,INFO,custom,121.43708832, 31.02437015, -66
1542429677923,2018.11.17 12:41:17.923,INFO,custom,121.4371097, 31.02437151, -66
1542429679924,2018.11.17 12:41:19.924,INFO,custom,121.43713077, 31.02437476, -66
1542429681925,2018.11.17 12:41:21.925,INFO,custom,121.43715365, 31.02437849, -66
1542429683926,2018.11.17 12:41:23.926,INFO,custom,121.43717572, 31.02437893, -66
1542429685925,2018.11.17 12:41:25.925,INFO,custom,121.43719698, 31.02438445, -65
1542429687943,2018.11.17 12:41:27.943,INFO,custom,121.43721352, 31.0243965, -65
1542429691926,2018.11.17 12:41:31.926,INFO,custom,121.43723944, 31.02442661, -62
1542429693940,2018.11.17 12:41:33.940,INFO,custom,121.43726583, 31.02442733, -62
1542429728930,2018.11.17 12:42:08.930,INFO,custom,121.43759085, 31.02448061, -67
1542429750917,2018.11.17 12:42:30.917,INFO,custom,121.43767195, 31.02466082, -65
1542429754926,2018.11.17 12:42:34.926,INFO,custom,121.43766521, 31.02470018, -65
1542429756928,2018.11.17 12:42:36.928,INFO,custom,121.43766293, 31.02472316, -65
1542429758926,2018.11.17 12:42:38.926,INFO,custom,121.43766472, 31.02474335, -62
1542429762926,2018.11.17 12:42:42.926,INFO,custom,121.43768495, 31.02477283, -62
1542429764929,2018.11.17 12:42:44.929,INFO,custom,121.43768875, 31.02479142, -62
1542429798939,2018.11.17 12:43:18.939,INFO,custom,121.43800447, 31.02489926, -67
1542429800950,2018.11.17 12:43:20.950,INFO,custom,121.43802611, 31.02490886, -67
1542429802934,2018.11.17 12:43:22.934,INFO,custom,121.43804574, 31.02491815, -67
1542429806929,2018.11.17 12:43:26.929,INFO,custom,121.43807939, 31.02493795, -67
1542429828924,2018.11.17 12:43:48.924,INFO,custom,121.43829986, 31.02501409, -70
1542429830928,2018.11.17 12:43:50.928,INFO,custom,121.43832537, 31.02500715, -70
1542429832931,2018.11.17 12:43:52.931,INFO,custom,121.43834397, 31.02499362, -70
1542429834926,2018.11.17 12:43:54.926,INFO,custom,121.43836373, 31.0249835, -70
1542429836927,2018.11.17 12:43:56.927,INFO,custom,121.43837838, 31.02496938, -70
1542429898925,2018.11.17 12:44:58.925,INFO,custom,121.43841934, 31.02436135, -68
1542429900924,2018.11.17 12:45:00.924,INFO,custom,121.43838672, 31.02434795, -68
1542429902928,2018.11.17 12:45:02.928,INFO,custom,121.43834942, 31.02433759, -68
1542429904928,2018.11.17 12:45:04.928,INFO,custom,121.4383118, 31.02432919, -68
1542429906922,2018.11.17 12:45:06.922,INFO,custom,121.43827608, 31.02432035, -68
1542429908919,2018.11.17 12:45:08.919,INFO,custom,121.43824839, 31.02430653, -61
1542429910921,2018.11.17 12:45:10.921,INFO,custom,121.43822544, 31.02429478, -68
1542429912921,2018.11.17 12:45:12.921,INFO,custom,121.4381994, 31.02428594, -68
1542429914919,2018.11.17 12:45:14.919,INFO,custom,121.43816981, 31.02427907, -68
1542429973866,2018.11.17 12:46:13.866,INFO,custom,121.43815040588379, 31.024301648139954, -66
1542429980914,2018.11.17 12:46:20.914,INFO,custom,121.43816979, 31.02427397, -66
1542429984907,2018.11.17 12:46:24.907,INFO,custom,121.43818947, 31.024248, -82
1542429990911,2018.11.17 12:46:30.911,INFO,custom,121.43820988, 31.02423817, -82
1542429996911,2018.11.17 12:46:36.911,INFO,custom,121.43815609, 31.02426631, -71
1542430004915,2018.11.17 12:46:44.915,INFO,custom,121.43813628, 31.02425665, -76
1542430008916,2018.11.17 12:46:48.916,INFO,custom,121.43806252, 31.02423142, -76
1542430010910,2018.11.17 12:46:50.910,INFO,custom,121.43804092, 31.02422225, -76
1542430012910,2018.11.17 12:46:52.910,INFO,custom,121.43801141, 31.02422897, -76
1542430034918,2018.11.17 12:47:14.918,INFO,custom,121.43770432, 31.02407728, -50
1542430074915,2018.11.17 12:47:54.915,INFO,custom,121.43718122, 31.02420858, -75
1542430084928,2018.11.17 12:48:04.928,INFO,custom,121.43719256, 31.02434004, -67
1542430086915,2018.11.17 12:48:06.915,INFO,custom,121.43721125, 31.02436415, -67
1542430088915,2018.11.17 12:48:08.915,INFO,custom,121.43722989, 31.0243887, -67
1542430090910,2018.11.17 12:48:10.910,INFO,custom,121.43725413, 31.02440892, -67
1542430092913,2018.11.17 12:48:12.913,INFO,custom,121.43727033, 31.02442548, -67
1542430094922,2018.11.17 12:48:14.922,INFO,custom,121.43727326, 31.02445276, -73
1542430096913,2018.11.17 12:48:16.913,INFO,custom,121.43727149, 31.02447873, -73
1542430098912,2018.11.17 12:48:18.912,INFO,custom,121.43725883, 31.02449537, -67
1542430100911,2018.11.17 12:48:20.911,INFO,custom,121.43724758, 31.02451127, -67
1542430102909,2018.11.17 12:48:22.909,INFO,custom,121.43722863, 31.02452497, -67
1542430739918,2018.11.17 12:58:59.918,INFO,custom,121.43750716, 31.02451646, -63
1542430743929,2018.11.17 12:59:03.929,INFO,custom,121.43753296, 31.02451396, -63
1542430761913,2018.11.17 12:59:21.913,INFO,custom,121.43769028, 31.02462382, -63
1542430763919,2018.11.17 12:59:23.919,INFO,custom,121.43772017, 31.02465426, -72
1542430765929,2018.11.17 12:59:25.929,INFO,custom,121.43772901, 31.02467354, -72
1542430767933,2018.11.17 12:59:27.933,INFO,custom,121.43774179, 31.02469643, -72
1542430769927,2018.11.17 12:59:29.927,INFO,custom,121.43774565, 31.02472389, -72
1542430771931,2018.11.17 12:59:31.931,INFO,custom,121.43774736, 31.0247463, -72
1542430773938,2018.11.17 12:59:33.938,INFO,custom,121.43774984, 31.02477004, -75
1542430775928,2018.11.17 12:59:35.928,INFO,custom,121.4377521, 31.02479372, -75
1542430777934,2018.11.17 12:59:37.934,INFO,custom,121.43775254, 31.02481799, -75
1542430779926,2018.11.17 12:59:39.926,INFO,custom,121.43775956, 31.02483856, -75
1542430813933,2018.11.17 13:00:13.933,INFO,custom,121.43811656, 31.02498012, -75
1542430815933,2018.11.17 13:00:15.933,INFO,custom,121.43813926, 31.02498492, -75
1542430817934,2018.11.17 13:00:17.934,INFO,custom,121.43816397, 31.02498797, -75
1542430819933,2018.11.17 13:00:19.933,INFO,custom,121.43818842, 31.02499186, -75
1542430821936,2018.11.17 13:00:21.936,INFO,custom,121.43821309, 31.0249966, -75
1542430865934,2018.11.17 13:01:05.934,INFO,custom,121.43839882, 31.02457675, -78
1542430867934,2018.11.17 13:01:07.934,INFO,custom,121.43841304, 31.0245577, -78
1542430869932,2018.11.17 13:01:09.932,INFO,custom,121.43844247, 31.02455568, -78
1542430871931,2018.11.17 13:01:11.931,INFO,custom,121.43847098, 31.02456193, -78
1542430915938,2018.11.17 13:01:55.938,INFO,custom,121.43885521, 31.02490082, -63
1542430917930,2018.11.17 13:01:57.930,INFO,custom,121.4388611, 31.02492608, -63
1542430919935,2018.11.17 13:01:59.935,INFO,custom,121.43886865, 31.02494998, -63
1542430921938,2018.11.17 13:02:01.938,INFO,custom,121.43888072, 31.02497108, -63
1542430923936,2018.11.17 13:02:03.936,INFO,custom,121.4388945, 31.02499172, -63
1542430925935,2018.11.17 13:02:05.935,INFO,custom,121.43891021, 31.02501454, -63
1542430927935,2018.11.17 13:02:07.935,INFO,custom,121.43892392, 31.02503438, -56
1542430929934,2018.11.17 13:02:09.934,INFO,custom,121.4389318, 31.02505691, -56
1542430931932,2018.11.17 13:02:11.932,INFO,custom,121.43893785, 31.02508214, -56
1542430933935,2018.11.17 13:02:13.935,INFO,custom,121.43893833, 31.02510441, -56
1542430935932,2018.11.17 13:02:15.932,INFO,custom,121.43893934, 31.02512665, -56
1542430937930,2018.11.17 13:02:17.930,INFO,custom,121.43894574, 31.02515069, -56
1542430939934,2018.11.17 13:02:19.934,INFO,custom,121.43895585, 31.0251703, -56
1542430941918,2018.11.17 13:02:21.918,INFO,custom,121.43897361, 31.02518133, -74
1542430943912,2018.11.17 13:02:23.912,INFO,custom,121.43899627, 31.02518912, -74
1542430945912,2018.11.17 13:02:25.912,INFO,custom,121.43901663, 31.02520339, -69
1542430947920,2018.11.17 13:02:27.920,INFO,custom,121.43903446, 31.02521856, -69
1542430949934,2018.11.17 13:02:29.934,INFO,custom,121.43905272, 31.02523176, -69
1542430951930,2018.11.17 13:02:31.930,INFO,custom,121.43907463, 31.02524352, -69
1542430953931,2018.11.17 13:02:33.931,INFO,custom,121.43909899, 31.0252513, -69
1542430955933,2018.11.17 13:02:35.933,INFO,custom,121.4391257, 31.02525665, -66
1542430957933,2018.11.17 13:02:37.933,INFO,custom,121.43915417, 31.02526231, -66
1542430959931,2018.11.17 13:02:39.931,INFO,custom,121.43918164, 31.02526935, -66
1542430961931,2018.11.17 13:02:41.931,INFO,custom,121.43920798, 31.02527931, -66
1542430963930,2018.11.17 13:02:43.930,INFO,custom,121.43923328, 31.0252892, -66
1542430965931,2018.11.17 13:02:45.931,INFO,custom,121.43925931, 31.02529635, -79
1542430967928,2018.11.17 13:02:47.928,INFO,custom,121.43928442, 31.02530361, -80
1542430969927,2018.11.17 13:02:49.927,INFO,custom,121.43931066, 31.02531135, -81
1542430971928,2018.11.17 13:02:51.928,INFO,custom,121.43933709, 31.02531724, -81
1542430973945,2018.11.17 13:02:53.945,INFO,custom,121.43936464, 31.02532173, -81
1542430985929,2018.11.17 13:03:05.929,INFO,custom,121.43953355, 31.02535816, -68
1542430987931,2018.11.17 13:03:07.931,INFO,custom,121.43956457, 31.02536041, -68
1542430989929,2018.11.17 13:03:09.929,INFO,custom,121.43959489, 31.02536527, -68
1542430991924,2018.11.17 13:03:11.924,INFO,custom,121.43962363, 31.02536828, -68
1542430993929,2018.11.17 13:03:13.929,INFO,custom,121.43965455, 31.02536924, -68
1542430995936,2018.11.17 13:03:15.936,INFO,custom,121.43968677, 31.0253699, -65
1542430997937,2018.11.17 13:03:17.937,INFO,custom,121.43972102, 31.02537672, -65
1542430999933,2018.11.17 13:03:19.933,INFO,custom,121.43975352, 31.02538508, -65
1542431003931,2018.11.17 13:03:23.931,INFO,custom,121.43972386, 31.02538555, -65
1542431005928,2018.11.17 13:03:25.928,INFO,custom,121.43969184, 31.02537626, -64
1542431007935,2018.11.17 13:03:27.935,INFO,custom,121.43966348, 31.02536797, -64
1542431009930,2018.11.17 13:03:29.930,INFO,custom,121.43963275, 31.02536635, -64
1542431011932,2018.11.17 13:03:31.932,INFO,custom,121.43960218, 31.02536452, -64
1542431013932,2018.11.17 13:03:33.932,INFO,custom,121.43957186, 31.02535594, -64
1542431015933,2018.11.17 13:03:35.933,INFO,custom,121.43954053, 31.02534511, -63
1542431017934,2018.11.17 13:03:37.934,INFO,custom,121.43950663, 31.02533744, -63
1542431019930,2018.11.17 13:03:39.930,INFO,custom,121.43947097, 31.0253297, -63
1542431021931,2018.11.17 13:03:41.931,INFO,custom,121.43943651, 31.02532248, -63
1542431023932,2018.11.17 13:03:43.932,INFO,custom,121.43940269, 31.02531654, -63
1542431025933,2018.11.17 13:03:45.933,INFO,custom,121.43936829, 31.02531301, -66
1542431027934,2018.11.17 13:03:47.934,INFO,custom,121.43933548, 31.02530868, -66
1542431029934,2018.11.17 13:03:49.934,INFO,custom,121.4393065, 31.02529959, -66
1542431031929,2018.11.17 13:03:51.929,INFO,custom,121.43928008, 31.02528906, -66
1542431033932,2018.11.17 13:03:53.932,INFO,custom,121.43925302, 31.02527929, -66
1542431035933,2018.11.17 13:03:55.933,INFO,custom,121.43922516, 31.02527168, -66
1542431037931,2018.11.17 13:03:57.931,INFO,custom,121.43919714, 31.0252632, -66
1542431039933,2018.11.17 13:03:59.933,INFO,custom,121.43916986, 31.02525788, -66
1542431041931,2018.11.17 13:04:01.931,INFO,custom,121.4391439, 31.02525419, -74
1542431043933,2018.11.17 13:04:03.933,INFO,custom,121.43912032, 31.02524895, -74
1542431045932,2018.11.17 13:04:05.932,INFO,custom,121.43909853, 31.02524184, -74
1542431055946,2018.11.17 13:04:15.946,INFO,custom,121.438963, 31.025192, -69
1542431057932,2018.11.17 13:04:17.932,INFO,custom,121.4389424, 31.02517374, -69
1542431059930,2018.11.17 13:04:19.930,INFO,custom,121.43892585, 31.0251534, -69
1542431061932,2018.11.17 13:04:21.932,INFO,custom,121.43891417, 31.02512851, -69
1542431063931,2018.11.17 13:04:23.931,INFO,custom,121.43891319, 31.0251044, -69
1542431065941,2018.11.17 13:04:25.941,INFO,custom,121.43891677, 31.02508074, -63
1542431067933,2018.11.17 13:04:27.933,INFO,custom,121.4389227, 31.02505589, -63
1542431069930,2018.11.17 13:04:29.930,INFO,custom,121.43892544, 31.02503138, -63
1542431071937,2018.11.17 13:04:31.937,INFO,custom,121.43892069, 31.02500522, -63
1542431073933,2018.11.17 13:04:33.933,INFO,custom,121.43891243, 31.02497964, -63
1542431075932,2018.11.17 13:04:35.932,INFO,custom,121.43890771, 31.02495474, -63
1542431077932,2018.11.17 13:04:37.932,INFO,custom,121.43890463, 31.02492915, -66
1542431079934,2018.11.17 13:04:39.934,INFO,custom,121.43890259, 31.02490367, -66
1542431081929,2018.11.17 13:04:41.929,INFO,custom,121.43890154, 31.02487655, -66
1542431083932,2018.11.17 13:04:43.932,INFO,custom,121.43889632, 31.02485465, -66
1542431085934,2018.11.17 13:04:45.934,INFO,custom,121.43888703, 31.0248323, -66
1542431087934,2018.11.17 13:04:47.934,INFO,custom,121.43887364, 31.0248077, -71
1542431089934,2018.11.17 13:04:49.934,INFO,custom,121.43886653, 31.02478106, -71
1542431091929,2018.11.17 13:04:51.929,INFO,custom,121.43885817, 31.02475863, -71
1542431093935,2018.11.17 13:04:53.935,INFO,custom,121.43884572, 31.02473433, -71
1542431095932,2018.11.17 13:04:55.932,INFO,custom,121.43882207, 31.02471344, -71
1542431097933,2018.11.17 13:04:57.933,INFO,custom,121.43879718, 31.02469812, -71
1542431099932,2018.11.17 13:04:59.932,INFO,custom,121.43877654, 31.0246835, -67
1542431115934,2018.11.17 13:05:15.934,INFO,custom,121.43856777, 31.0246121, -74
1542431117937,2018.11.17 13:05:17.937,INFO,custom,121.43852935, 31.02460587, -74
