1542428368595,2018.11.17 12:19:28.595,INFO,custom,121.43756627098202, 31.027515215630185, -75
1542428368609,2018.11.17 12:19:28.609,INFO,custom,121.43756627098202, 31.027515215630185, -75
1542428368619,2018.11.17 12:19:28.619,INFO,custom,121.43756627098202, 31.027515215630185, -75
1542428720715,2018.11.17 12:25:20.715,INFO,custom,121.43727938240173, 31.027674797550073, -73
1542428720714,2018.11.17 12:25:20.714,INFO,custom,121.43727938240173, 31.027674797550073, -73
1542428720714,2018.11.17 12:25:20.714,INFO,custom,121.43727938240173, 31.027674797550073, -73
1542428722748,2018.11.17 12:25:22.748,INFO,custom,121.43730165454758, 31.02768577385742, -73
1542428722749,2018.11.17 12:25:22.749,INFO,custom,121.43730165454758, 31.02768577385742, -73
1542428722751,2018.11.17 12:25:22.751,INFO,custom,121.43730165454758, 31.02768577385742, -73
1542428724728,2018.11.17 12:25:24.728,INFO,custom,121.43734988139678, 31.02766437336884, -73
1542428724729,2018.11.17 12:25:24.729,INFO,custom,121.43734988139678, 31.02766437336884, -73
1542428724729,2018.11.17 12:25:24.729,INFO,custom,121.43734988139678, 31.02766437336884, -73
1542428899072,2018.11.17 12:28:19.072,INFO,custom,121.43722211114611, 31.027649464523314, -69
1542428899073,2018.11.17 12:28:19.073,INFO,custom,121.43722211114611, 31.027649464523314, -69
1542428899073,2018.11.17 12:28:19.073,INFO,custom,121.43722211114611, 31.027649464523314, -69
1542428901065,2018.11.17 12:28:21.065,INFO,custom,121.43733461616816, 31.027713055964526, -69
1542428901066,2018.11.17 12:28:21.066,INFO,custom,121.43733461616816, 31.027713055964526, -69
1542428901066,2018.11.17 12:28:21.066,INFO,custom,121.43733461616816, 31.027713055964526, -69
1542428904146,2018.11.17 12:28:24.146,INFO,custom,121.43730104502252, 31.027730892991787, -70
1542428904146,2018.11.17 12:28:24.146,INFO,custom,121.43730104502252, 31.027730892991787, -70
1542428904146,2018.11.17 12:28:24.146,INFO,custom,121.43730104502252, 31.027730892991787, -70
1542428907168,2018.11.17 12:28:27.168,INFO,custom,121.43729532851182, 31.027709947372447, -70
1542428907169,2018.11.17 12:28:27.169,INFO,custom,121.43729532851182, 31.027709947372447, -70
1542428907169,2018.11.17 12:28:27.169,INFO,custom,121.43729532851182, 31.027709947372447, -70
1542428909151,2018.11.17 12:28:29.151,INFO,custom,121.43731651808629, 31.02769681528009, -69
1542428909152,2018.11.17 12:28:29.152,INFO,custom,121.43731651808629, 31.02769681528009, -69
1542428909150,2018.11.17 12:28:29.150,INFO,custom,121.43731651808629, 31.02769681528009, -69
1542428916174,2018.11.17 12:28:36.174,INFO,custom,121.43733472673499, 31.027687758465422, -71
1542428916173,2018.11.17 12:28:36.173,INFO,custom,121.43733472673499, 31.027687758465422, -71
1542428916175,2018.11.17 12:28:36.175,INFO,custom,121.43733472673499, 31.027687758465422, -71
1542428923186,2018.11.17 12:28:43.186,INFO,custom,121.43732356586492, 31.027669169896637, -67
1542428923187,2018.11.17 12:28:43.187,INFO,custom,121.43732356586492, 31.027669169896637, -67
1542428923188,2018.11.17 12:28:43.188,INFO,custom,121.43732356586492, 31.027669169896637, -67
1542428929154,2018.11.17 12:28:49.154,INFO,custom,121.4372985216018, 31.027658989215674, -73
1542428929154,2018.11.17 12:28:49.154,INFO,custom,121.4372985216018, 31.027658989215674, -73
1542428929155,2018.11.17 12:28:49.155,INFO,custom,121.4372985216018, 31.027658989215674, -73
1542428944184,2018.11.17 12:29:04.184,INFO,custom,121.43731962500833, 31.0276650001666, -73
1542428944186,2018.11.17 12:29:04.186,INFO,custom,121.43731962500833, 31.0276650001666, -73
1542428944188,2018.11.17 12:29:04.188,INFO,custom,121.43731962500833, 31.0276650001666, -73
1542428958225,2018.11.17 12:29:18.225,INFO,custom,121.4373189246209, 31.027686170349845, -73
1542428958227,2018.11.17 12:29:18.227,INFO,custom,121.4373189246209, 31.027686170349845, -73
1542428958226,2018.11.17 12:29:18.226,INFO,custom,121.4373189246209, 31.027686170349845, -73
1542428964225,2018.11.17 12:29:24.225,INFO,custom,121.43733350263997, 31.027701394119187, -73
1542428964226,2018.11.17 12:29:24.226,INFO,custom,121.43733350263997, 31.027701394119187, -73
1542428964227,2018.11.17 12:29:24.227,INFO,custom,121.43733350263997, 31.027701394119187, -73
1542428980224,2018.11.17 12:29:40.224,INFO,custom,121.43734836230414, 31.027686325495047, -72
1542428980225,2018.11.17 12:29:40.225,INFO,custom,121.43734836230414, 31.027686325495047, -72
1542428980225,2018.11.17 12:29:40.225,INFO,custom,121.43734836230414, 31.027686325495047, -72
1542428982219,2018.11.17 12:29:42.219,INFO,custom,121.43735577387122, 31.027660617855506, -72
1542428982222,2018.11.17 12:29:42.222,INFO,custom,121.43735577387122, 31.027660617855506, -72
1542428982220,2018.11.17 12:29:42.220,INFO,custom,121.43735577387122, 31.027660617855506, -72
1542429002220,2018.11.17 12:30:02.220,INFO,custom,121.43734683457892, 31.02767862707311, -72
1542429002220,2018.11.17 12:30:02.220,INFO,custom,121.43734683457892, 31.02767862707311, -72
1542429002221,2018.11.17 12:30:02.221,INFO,custom,121.43734683457892, 31.02767862707311, -72
1542429037226,2018.11.17 12:30:37.226,INFO,custom,121.43733589719976, 31.027662542218213, -69
1542429037228,2018.11.17 12:30:37.228,INFO,custom,121.43733589719976, 31.027662542218213, -69
1542429037228,2018.11.17 12:30:37.228,INFO,custom,121.43733589719976, 31.027662542218213, -69
1542429070241,2018.11.17 12:31:10.241,INFO,custom,121.43730817800953, 31.027622661707053, -69
1542429070242,2018.11.17 12:31:10.242,INFO,custom,121.43730817800953, 31.027622661707053, -69
1542429070243,2018.11.17 12:31:10.243,INFO,custom,121.43730817800953, 31.027622661707053, -69
1542429072210,2018.11.17 12:31:12.210,INFO,custom,121.43729717437165, 31.02764129129477, -69
1542429072210,2018.11.17 12:31:12.210,INFO,custom,121.43729717437165, 31.02764129129477, -69
1542429072208,2018.11.17 12:31:12.208,INFO,custom,121.43729717437165, 31.02764129129477, -69
1542429074151,2018.11.17 12:31:14.151,INFO,custom,121.43732153411605, 31.02764937706341, -69
1542429074152,2018.11.17 12:31:14.152,INFO,custom,121.43732153411605, 31.02764937706341, -69
1542429074153,2018.11.17 12:31:14.153,INFO,custom,121.43732153411605, 31.02764937706341, -69
1542429080184,2018.11.17 12:31:20.184,INFO,custom,121.43731293383922, 31.02767503746771, -76
1542429080184,2018.11.17 12:31:20.184,INFO,custom,121.43731293383922, 31.02767503746771, -76
1542429080185,2018.11.17 12:31:20.185,INFO,custom,121.43731293383922, 31.02767503746771, -76
1542429089166,2018.11.17 12:31:29.166,INFO,custom,121.43730920467026, 31.02765437552979, -69
1542429089167,2018.11.17 12:31:29.167,INFO,custom,121.43730920467026, 31.02765437552979, -69
1542429089165,2018.11.17 12:31:29.165,INFO,custom,121.43730920467026, 31.02765437552979, -69
1542429092175,2018.11.17 12:31:32.175,INFO,custom,121.43728695830016, 31.02765351536641, -69
1542429092176,2018.11.17 12:31:32.176,INFO,custom,121.43728695830016, 31.02765351536641, -69
1542429092174,2018.11.17 12:31:32.174,INFO,custom,121.43728695830016, 31.02765351536641, -69
1542429098171,2018.11.17 12:31:38.171,INFO,custom,121.43727213737381, 31.02762694405427, -69
1542429098172,2018.11.17 12:31:38.172,INFO,custom,121.43727213737381, 31.02762694405427, -69
1542429098172,2018.11.17 12:31:38.172,INFO,custom,121.43727213737381, 31.02762694405427, -69
1542429101147,2018.11.17 12:31:41.147,INFO,custom,121.43728636786943, 31.027607594791064, -64
1542429101148,2018.11.17 12:31:41.148,INFO,custom,121.43728636786943, 31.027607594791064, -64
1542429101148,2018.11.17 12:31:41.148,INFO,custom,121.43728636786943, 31.027607594791064, -64
1542429106168,2018.11.17 12:31:46.168,INFO,custom,121.43730574332355, 31.027591178980845, -64
1542429106169,2018.11.17 12:31:46.169,INFO,custom,121.43730574332355, 31.027591178980845, -64
1542429106169,2018.11.17 12:31:46.169,INFO,custom,121.43730574332355, 31.027591178980845, -64
1542429110154,2018.11.17 12:31:50.154,INFO,custom,121.43732326146763, 31.027578622865434, -70
1542429110154,2018.11.17 12:31:50.154,INFO,custom,121.43732326146763, 31.027578622865434, -70
1542429110154,2018.11.17 12:31:50.154,INFO,custom,121.43732326146763, 31.027578622865434, -70
1542429122181,2018.11.17 12:32:02.181,INFO,custom,121.43734638938837, 31.02757974381962, -75
1542429122179,2018.11.17 12:32:02.179,INFO,custom,121.43734638938837, 31.02757974381962, -75
1542429122180,2018.11.17 12:32:02.180,INFO,custom,121.43734638938837, 31.02757974381962, -75
1542429139168,2018.11.17 12:32:19.168,INFO,custom,121.43735391163182, 31.027558014976613, -67
1542429139169,2018.11.17 12:32:19.169,INFO,custom,121.43735391163182, 31.027558014976613, -67
1542429139169,2018.11.17 12:32:19.169,INFO,custom,121.43735391163182, 31.027558014976613, -67
1542429163195,2018.11.17 12:32:43.195,INFO,custom,121.43732293685018, 31.027553770435606, -65
1542429163194,2018.11.17 12:32:43.194,INFO,custom,121.43732293685018, 31.027553770435606, -65
1542429163193,2018.11.17 12:32:43.193,INFO,custom,121.43732293685018, 31.027553770435606, -65
1542429168164,2018.11.17 12:32:48.164,INFO,custom,121.43732483465854, 31.027532977578552, -65
1542429168165,2018.11.17 12:32:48.165,INFO,custom,121.43732483465854, 31.027532977578552, -65
1542429168164,2018.11.17 12:32:48.164,INFO,custom,121.43732483465854, 31.027532977578552, -65
1542429182150,2018.11.17 12:33:02.150,INFO,custom,121.43734283610978, 31.027542399256443, -65
1542429182150,2018.11.17 12:33:02.150,INFO,custom,121.43734283610978, 31.027542399256443, -65
1542429182151,2018.11.17 12:33:02.151,INFO,custom,121.43734283610978, 31.027542399256443, -65
1542429186155,2018.11.17 12:33:06.155,INFO,custom,121.43733703525885, 31.02752189548838, -73
1542429186155,2018.11.17 12:33:06.155,INFO,custom,121.43733703525885, 31.02752189548838, -73
1542429186154,2018.11.17 12:33:06.154,INFO,custom,121.43733703525885, 31.02752189548838, -73
1542429191166,2018.11.17 12:33:11.166,INFO,custom,121.43736783896884, 31.027528225495107, -73
1542429191166,2018.11.17 12:33:11.166,INFO,custom,121.43736783896884, 31.027528225495107, -73
1542429191165,2018.11.17 12:33:11.165,INFO,custom,121.43736783896884, 31.027528225495107, -73
1542429221176,2018.11.17 12:33:41.176,INFO,custom,121.43735127771664, 31.027516165585286, -64
1542429221177,2018.11.17 12:33:41.177,INFO,custom,121.43735127771664, 31.027516165585286, -64
1542429221177,2018.11.17 12:33:41.177,INFO,custom,121.43735127771664, 31.027516165585286, -64
1542429226193,2018.11.17 12:33:46.193,INFO,custom,121.43733174272643, 31.02750369917117, -66
1542429226192,2018.11.17 12:33:46.192,INFO,custom,121.43733174272643, 31.02750369917117, -66
1542429226193,2018.11.17 12:33:46.193,INFO,custom,121.43733174272643, 31.02750369917117, -66
1542429234167,2018.11.17 12:33:54.167,INFO,custom,121.43732104562547, 31.02752146230529, -66
1542429234168,2018.11.17 12:33:54.168,INFO,custom,121.43732104562547, 31.02752146230529, -66
1542429234168,2018.11.17 12:33:54.168,INFO,custom,121.43732104562547, 31.02752146230529, -66
1542429263536,2018.11.17 12:34:23.536,INFO,custom,121.43733040949374, 31.027540430959238, -73
1542429263537,2018.11.17 12:34:23.537,INFO,custom,121.43733040949374, 31.027540430959238, -73
1542429263537,2018.11.17 12:34:23.537,INFO,custom,121.43733040949374, 31.027540430959238, -73
1542429444404,2018.11.17 12:37:24.404,INFO,custom,121.4415494366447, 31.027291022287812, -75
1542429444404,2018.11.17 12:37:24.404,INFO,custom,121.4415494366447, 31.027291022287812, -75
1542429444403,2018.11.17 12:37:24.403,INFO,custom,121.4415494366447, 31.027291022287812, -75
1542429446476,2018.11.17 12:37:26.476,INFO,custom,121.44151152549213, 31.027294773578546, -75
1542429446477,2018.11.17 12:37:26.477,INFO,custom,121.44151152549213, 31.027294773578546, -75
1542429446476,2018.11.17 12:37:26.476,INFO,custom,121.44151152549213, 31.027294773578546, -75
1542429448474,2018.11.17 12:37:28.474,INFO,custom,121.44146098773366, 31.027316314088903, -78
1542429448474,2018.11.17 12:37:28.474,INFO,custom,121.44146098773366, 31.027316314088903, -78
1542429448473,2018.11.17 12:37:28.473,INFO,custom,121.44146098773366, 31.027316314088903, -78
1542429451145,2018.11.17 12:37:31.145,INFO,custom,121.44146536054375, 31.027367298659318, -78
1542429451145,2018.11.17 12:37:31.145,INFO,custom,121.44146536054375, 31.027367298659318, -78
1542429451144,2018.11.17 12:37:31.144,INFO,custom,121.44146536054375, 31.027367298659318, -78
1542429458199,2018.11.17 12:37:38.199,INFO,custom,121.44151343496931, 31.027366006270938, -75
1542429458199,2018.11.17 12:37:38.199,INFO,custom,121.44151343496931, 31.027366006270938, -75
1542429458199,2018.11.17 12:37:38.199,INFO,custom,121.44151343496931, 31.027366006270938, -75
1542429461158,2018.11.17 12:37:41.158,INFO,custom,121.44152801819466, 31.02738989424795, -75
1542429461158,2018.11.17 12:37:41.158,INFO,custom,121.44152801819466, 31.02738989424795, -75
1542429461158,2018.11.17 12:37:41.158,INFO,custom,121.44152801819466, 31.02738989424795, -75
1542429463153,2018.11.17 12:37:43.153,INFO,custom,121.44154796152104, 31.027416781832475, -75
1542429463153,2018.11.17 12:37:43.153,INFO,custom,121.44154796152104, 31.027416781832475, -75
1542429463158,2018.11.17 12:37:43.158,INFO,custom,121.44154796152104, 31.027416781832475, -75
1542429465161,2018.11.17 12:37:45.161,INFO,custom,121.44157850534728, 31.027445589284753, -65
1542429465161,2018.11.17 12:37:45.161,INFO,custom,121.44157850534728, 31.027445589284753, -65
1542429465160,2018.11.17 12:37:45.160,INFO,custom,121.44157850534728, 31.027445589284753, -65
1542429467162,2018.11.17 12:37:47.162,INFO,custom,121.4416033321621, 31.027459995322914, -65
1542429467164,2018.11.17 12:37:47.164,INFO,custom,121.4416033321621, 31.027459995322914, -65
1542429467163,2018.11.17 12:37:47.163,INFO,custom,121.4416033321621, 31.027459995322914, -65
1542429469160,2018.11.17 12:37:49.160,INFO,custom,121.44161767897053, 31.027489569156526, -65
1542429469161,2018.11.17 12:37:49.161,INFO,custom,121.44161767897053, 31.027489569156526, -65
1542429469162,2018.11.17 12:37:49.162,INFO,custom,121.44161767897053, 31.027489569156526, -65
1542429472163,2018.11.17 12:37:52.163,INFO,custom,121.44163532202002, 31.02751490882273, -65
1542429472162,2018.11.17 12:37:52.162,INFO,custom,121.44163532202002, 31.02751490882273, -65
1542429472163,2018.11.17 12:37:52.163,INFO,custom,121.44163532202002, 31.02751490882273, -65
1542429474155,2018.11.17 12:37:54.155,INFO,custom,121.4416548645042, 31.027536454078337, -65
1542429474155,2018.11.17 12:37:54.155,INFO,custom,121.4416548645042, 31.027536454078337, -65
1542429474155,2018.11.17 12:37:54.155,INFO,custom,121.4416548645042, 31.027536454078337, -65
1542429477165,2018.11.17 12:37:57.165,INFO,custom,121.44164726221169, 31.027553809999944, -65
1542429477166,2018.11.17 12:37:57.166,INFO,custom,121.44164726221169, 31.027553809999944, -65
1542429477165,2018.11.17 12:37:57.165,INFO,custom,121.44164726221169, 31.027553809999944, -65
1542429481169,2018.11.17 12:38:01.169,INFO,custom,121.44165013919633, 31.02757661700409, -65
1542429481169,2018.11.17 12:38:01.169,INFO,custom,121.44165013919633, 31.02757661700409, -65
1542429481168,2018.11.17 12:38:01.168,INFO,custom,121.44165013919633, 31.02757661700409, -65
1542429483151,2018.11.17 12:38:03.151,INFO,custom,121.44165645226107, 31.027597138429226, -65
1542429483152,2018.11.17 12:38:03.152,INFO,custom,121.44165645226107, 31.027597138429226, -65
1542429483150,2018.11.17 12:38:03.150,INFO,custom,121.44165645226107, 31.027597138429226, -65
1542429485152,2018.11.17 12:38:05.152,INFO,custom,121.44167056415769, 31.027618529921604, -64
1542429485152,2018.11.17 12:38:05.152,INFO,custom,121.44167056415769, 31.027618529921604, -64
1542429485153,2018.11.17 12:38:05.153,INFO,custom,121.44167056415769, 31.027618529921604, -64
1542429487169,2018.11.17 12:38:07.169,INFO,custom,121.4416869971803, 31.027640674880626, -66
1542429487168,2018.11.17 12:38:07.168,INFO,custom,121.4416869971803, 31.027640674880626, -66
1542429487169,2018.11.17 12:38:07.169,INFO,custom,121.4416869971803, 31.027640674880626, -66
1542429489169,2018.11.17 12:38:09.169,INFO,custom,121.44170059693386, 31.02766571474173, -66
1542429489169,2018.11.17 12:38:09.169,INFO,custom,121.44170059693386, 31.02766571474173, -66
1542429489169,2018.11.17 12:38:09.169,INFO,custom,121.44170059693386, 31.02766571474173, -66
1542429493166,2018.11.17 12:38:13.166,INFO,custom,121.44171194681785, 31.027689115003874, -64
1542429493165,2018.11.17 12:38:13.165,INFO,custom,121.44171194681785, 31.027689115003874, -64
1542429493165,2018.11.17 12:38:13.165,INFO,custom,121.44171194681785, 31.027689115003874, -64
1542429495168,2018.11.17 12:38:15.168,INFO,custom,121.44171311245381, 31.027712819818266, -61
1542429495168,2018.11.17 12:38:15.168,INFO,custom,121.44171311245381, 31.027712819818266, -61
1542429495168,2018.11.17 12:38:15.168,INFO,custom,121.44171311245381, 31.027712819818266, -61
1542429497153,2018.11.17 12:38:17.153,INFO,custom,121.44172088282862, 31.027730676928154, -61
1542429497153,2018.11.17 12:38:17.153,INFO,custom,121.44172088282862, 31.027730676928154, -61
1542429497152,2018.11.17 12:38:17.152,INFO,custom,121.44172088282862, 31.027730676928154, -61
1542429499165,2018.11.17 12:38:19.165,INFO,custom,121.44171806910667, 31.02774862647536, -61
1542429499165,2018.11.17 12:38:19.165,INFO,custom,121.44171806910667, 31.02774862647536, -61
1542429499164,2018.11.17 12:38:19.164,INFO,custom,121.44171806910667, 31.02774862647536, -61
1542429501160,2018.11.17 12:38:21.160,INFO,custom,121.44172010437279, 31.027770175192867, -61
1542429501161,2018.11.17 12:38:21.161,INFO,custom,121.44172010437279, 31.027770175192867, -61
1542429501161,2018.11.17 12:38:21.161,INFO,custom,121.44172010437279, 31.027770175192867, -61
1542429503168,2018.11.17 12:38:23.168,INFO,custom,121.44172231081932, 31.027788419576755, -61
1542429503167,2018.11.17 12:38:23.167,INFO,custom,121.44172231081932, 31.027788419576755, -61
1542429503167,2018.11.17 12:38:23.167,INFO,custom,121.44172231081932, 31.027788419576755, -61
1542429505154,2018.11.17 12:38:25.154,INFO,custom,121.44172584136032, 31.027808032942943, -70
1542429505155,2018.11.17 12:38:25.155,INFO,custom,121.44172584136032, 31.027808032942943, -70
1542429505155,2018.11.17 12:38:25.155,INFO,custom,121.44172584136032, 31.027808032942943, -70
1542429508161,2018.11.17 12:38:28.161,INFO,custom,121.44172405655752, 31.027833891939057, -70
1542429508162,2018.11.17 12:38:28.162,INFO,custom,121.44172405655752, 31.027833891939057, -70
1542429508162,2018.11.17 12:38:28.162,INFO,custom,121.44172405655752, 31.027833891939057, -70
1542429511168,2018.11.17 12:38:31.168,INFO,custom,121.44171739428712, 31.0278512379013, -70
1542429511167,2018.11.17 12:38:31.167,INFO,custom,121.44171739428712, 31.0278512379013, -70
1542429511168,2018.11.17 12:38:31.168,INFO,custom,121.44171739428712, 31.0278512379013, -70
1542429515137,2018.11.17 12:38:35.137,INFO,custom,121.44171963400227, 31.027876336030932, -72
1542429515137,2018.11.17 12:38:35.137,INFO,custom,121.44171963400227, 31.027876336030932, -72
1542429515137,2018.11.17 12:38:35.137,INFO,custom,121.44171963400227, 31.027876336030932, -72
1542429517156,2018.11.17 12:38:37.156,INFO,custom,121.44172912523548, 31.027901586212366, -72
1542429517158,2018.11.17 12:38:37.158,INFO,custom,121.44172912523548, 31.027901586212366, -72
1542429517159,2018.11.17 12:38:37.159,INFO,custom,121.44172912523548, 31.027901586212366, -72
1542429519161,2018.11.17 12:38:39.161,INFO,custom,121.4417347543862, 31.02792345657641, -72
1542429519161,2018.11.17 12:38:39.161,INFO,custom,121.4417347543862, 31.02792345657641, -72
1542429519161,2018.11.17 12:38:39.161,INFO,custom,121.4417347543862, 31.02792345657641, -72
1542429521160,2018.11.17 12:38:41.160,INFO,custom,121.44174162464297, 31.027941343171445, -73
1542429521159,2018.11.17 12:38:41.159,INFO,custom,121.44174162464297, 31.027941343171445, -73
1542429521160,2018.11.17 12:38:41.160,INFO,custom,121.44174162464297, 31.027941343171445, -73
1542429524161,2018.11.17 12:38:44.161,INFO,custom,121.44175190326716, 31.027961612637498, -74
1542429524161,2018.11.17 12:38:44.161,INFO,custom,121.44175190326716, 31.027961612637498, -74
1542429524161,2018.11.17 12:38:44.161,INFO,custom,121.44175190326716, 31.027961612637498, -74
1542429527154,2018.11.17 12:38:47.154,INFO,custom,121.44175625592996, 31.027988115222872, -78
1542429527155,2018.11.17 12:38:47.155,INFO,custom,121.44175625592996, 31.027988115222872, -78
1542429527154,2018.11.17 12:38:47.154,INFO,custom,121.44175625592996, 31.027988115222872, -78
1542429529156,2018.11.17 12:38:49.156,INFO,custom,121.44176288194404, 31.02800617390733, -78
1542429529158,2018.11.17 12:38:49.158,INFO,custom,121.44176288194404, 31.02800617390733, -78
1542429529159,2018.11.17 12:38:49.159,INFO,custom,121.44176288194404, 31.02800617390733, -78
1542429531141,2018.11.17 12:38:51.141,INFO,custom,121.44176847050973, 31.0280275727332, -78
1542429531141,2018.11.17 12:38:51.141,INFO,custom,121.44176847050973, 31.0280275727332, -78
1542429531140,2018.11.17 12:38:51.140,INFO,custom,121.44176847050973, 31.0280275727332, -78
1542429533155,2018.11.17 12:38:53.155,INFO,custom,121.44177434438596, 31.02805181198114, -78
1542429533154,2018.11.17 12:38:53.154,INFO,custom,121.44177434438596, 31.02805181198114, -78
1542429533155,2018.11.17 12:38:53.155,INFO,custom,121.44177434438596, 31.02805181198114, -78
1542429535150,2018.11.17 12:38:55.150,INFO,custom,121.44177954319028, 31.02807188494509, -73
1542429535151,2018.11.17 12:38:55.151,INFO,custom,121.44177954319028, 31.02807188494509, -73
1542429535151,2018.11.17 12:38:55.151,INFO,custom,121.44177954319028, 31.02807188494509, -73
1542429537155,2018.11.17 12:38:57.155,INFO,custom,121.44178378699775, 31.02809437206814, -72
1542429537155,2018.11.17 12:38:57.155,INFO,custom,121.44178378699775, 31.02809437206814, -72
1542429537155,2018.11.17 12:38:57.155,INFO,custom,121.44178378699775, 31.02809437206814, -72
1542429539155,2018.11.17 12:38:59.155,INFO,custom,121.44178491506376, 31.02811669333158, -72
1542429539155,2018.11.17 12:38:59.155,INFO,custom,121.44178491506376, 31.02811669333158, -72
1542429539154,2018.11.17 12:38:59.154,INFO,custom,121.44178491506376, 31.02811669333158, -72
1542429542314,2018.11.17 12:39:02.314,INFO,custom,121.44178914924666, 31.028144947260834, -74
1542429542315,2018.11.17 12:39:02.315,INFO,custom,121.44178914924666, 31.028144947260834, -74
1542429542315,2018.11.17 12:39:02.315,INFO,custom,121.44178914924666, 31.028144947260834, -74
1542429545151,2018.11.17 12:39:05.151,INFO,custom,121.44179412200147, 31.028177943867185, -72
1542429545151,2018.11.17 12:39:05.151,INFO,custom,121.44179412200147, 31.028177943867185, -72
1542429545150,2018.11.17 12:39:05.150,INFO,custom,121.44179412200147, 31.028177943867185, -72
1542429547158,2018.11.17 12:39:07.158,INFO,custom,121.44179525903786, 31.028197699346336, -72
1542429547159,2018.11.17 12:39:07.159,INFO,custom,121.44179525903786, 31.028197699346336, -72
1542429547159,2018.11.17 12:39:07.159,INFO,custom,121.44179525903786, 31.028197699346336, -72
1542429549158,2018.11.17 12:39:09.158,INFO,custom,121.44179641514874, 31.028222823679084, -72
1542429549159,2018.11.17 12:39:09.159,INFO,custom,121.44179641514874, 31.028222823679084, -72
1542429549159,2018.11.17 12:39:09.159,INFO,custom,121.44179641514874, 31.028222823679084, -72
1542429551147,2018.11.17 12:39:11.147,INFO,custom,121.44180189842956, 31.02824889994718, -72
1542429551147,2018.11.17 12:39:11.147,INFO,custom,121.44180189842956, 31.02824889994718, -72
1542429551147,2018.11.17 12:39:11.147,INFO,custom,121.44180189842956, 31.02824889994718, -72
1542429553157,2018.11.17 12:39:13.157,INFO,custom,121.44180256299268, 31.028268227639426, -72
1542429553157,2018.11.17 12:39:13.157,INFO,custom,121.44180256299268, 31.028268227639426, -72
1542429553156,2018.11.17 12:39:13.156,INFO,custom,121.44180256299268, 31.028268227639426, -72
1542429555149,2018.11.17 12:39:15.149,INFO,custom,121.44180459741922, 31.028288217607003, -69
1542429555149,2018.11.17 12:39:15.149,INFO,custom,121.44180459741922, 31.028288217607003, -69
1542429555149,2018.11.17 12:39:15.149,INFO,custom,121.44180459741922, 31.028288217607003, -69
1542429557159,2018.11.17 12:39:17.159,INFO,custom,121.4418043623049, 31.02830802646403, -69
1542429557159,2018.11.17 12:39:17.159,INFO,custom,121.4418043623049, 31.02830802646403, -69
1542429557159,2018.11.17 12:39:17.159,INFO,custom,121.4418043623049, 31.02830802646403, -69
1542429559171,2018.11.17 12:39:19.171,INFO,custom,121.44180054595157, 31.02832651684602, -71
1542429559172,2018.11.17 12:39:19.172,INFO,custom,121.44180054595157, 31.02832651684602, -71
1542429559171,2018.11.17 12:39:19.171,INFO,custom,121.44180054595157, 31.02832651684602, -71
1542429562175,2018.11.17 12:39:22.175,INFO,custom,121.44180335101572, 31.028349650642298, -72
1542429562176,2018.11.17 12:39:22.176,INFO,custom,121.44180335101572, 31.028349650642298, -72
1542429562176,2018.11.17 12:39:22.176,INFO,custom,121.44180335101572, 31.028349650642298, -72
1542429565176,2018.11.17 12:39:25.176,INFO,custom,121.44181009899614, 31.028375503077495, -73
1542429565177,2018.11.17 12:39:25.177,INFO,custom,121.44181009899614, 31.028375503077495, -73
1542429565177,2018.11.17 12:39:25.177,INFO,custom,121.44181009899614, 31.028375503077495, -73
1542429568163,2018.11.17 12:39:28.163,INFO,custom,121.44181485130055, 31.02840122720016, -73
1542429568163,2018.11.17 12:39:28.163,INFO,custom,121.44181485130055, 31.02840122720016, -73
1542429568162,2018.11.17 12:39:28.162,INFO,custom,121.44181485130055, 31.02840122720016, -73
1542429571163,2018.11.17 12:39:31.163,INFO,custom,121.44181632469038, 31.028428795240973, -73
1542429571164,2018.11.17 12:39:31.164,INFO,custom,121.44181632469038, 31.028428795240973, -73
1542429571163,2018.11.17 12:39:31.163,INFO,custom,121.44181632469038, 31.028428795240973, -73
1542429574154,2018.11.17 12:39:34.154,INFO,custom,121.44181723016321, 31.028454067060117, -73
1542429574153,2018.11.17 12:39:34.153,INFO,custom,121.44181723016321, 31.028454067060117, -73
1542429574153,2018.11.17 12:39:34.153,INFO,custom,121.44181723016321, 31.028454067060117, -73
1542429576158,2018.11.17 12:39:36.158,INFO,custom,121.44181945964534, 31.028472744933296, -62
1542429576158,2018.11.17 12:39:36.158,INFO,custom,121.44181945964534, 31.028472744933296, -62
1542429576157,2018.11.17 12:39:36.157,INFO,custom,121.44181945964534, 31.028472744933296, -62
1542429579156,2018.11.17 12:39:39.156,INFO,custom,121.44182735086416, 31.02849658209067, -60
1542429579156,2018.11.17 12:39:39.156,INFO,custom,121.44182735086416, 31.02849658209067, -60
1542429579156,2018.11.17 12:39:39.156,INFO,custom,121.44182735086416, 31.02849658209067, -60
1542429582125,2018.11.17 12:39:42.125,INFO,custom,121.44182991330808, 31.028520347741495, -62
1542429582125,2018.11.17 12:39:42.125,INFO,custom,121.44182991330808, 31.028520347741495, -62
1542429582125,2018.11.17 12:39:42.125,INFO,custom,121.44182991330808, 31.028520347741495, -62
1542429585163,2018.11.17 12:39:45.163,INFO,custom,121.44183277471045, 31.028538999563285, -63
1542429585164,2018.11.17 12:39:45.164,INFO,custom,121.44183277471045, 31.028538999563285, -63
1542429585164,2018.11.17 12:39:45.164,INFO,custom,121.44183277471045, 31.028538999563285, -63
1542429588146,2018.11.17 12:39:48.146,INFO,custom,121.4418288864236, 31.028562843667405, -63
1542429588146,2018.11.17 12:39:48.146,INFO,custom,121.4418288864236, 31.028562843667405, -63
1542429588146,2018.11.17 12:39:48.146,INFO,custom,121.4418288864236, 31.028562843667405, -63
1542429590166,2018.11.17 12:39:50.166,INFO,custom,121.44182916399211, 31.028581518862868, -63
1542429590165,2018.11.17 12:39:50.165,INFO,custom,121.44182916399211, 31.028581518862868, -63
1542429590166,2018.11.17 12:39:50.166,INFO,custom,121.44182916399211, 31.028581518862868, -63
1542429592168,2018.11.17 12:39:52.168,INFO,custom,121.44183237721185, 31.028600072659593, -63
1542429592168,2018.11.17 12:39:52.168,INFO,custom,121.44183237721185, 31.028600072659593, -63
1542429592169,2018.11.17 12:39:52.169,INFO,custom,121.44183237721185, 31.028600072659593, -63
1542429594159,2018.11.17 12:39:54.159,INFO,custom,121.44183305245075, 31.028619189452485, -63
1542429594159,2018.11.17 12:39:54.159,INFO,custom,121.44183305245075, 31.028619189452485, -63
1542429594159,2018.11.17 12:39:54.159,INFO,custom,121.44183305245075, 31.028619189452485, -63
1542429596164,2018.11.17 12:39:56.164,INFO,custom,121.44183372554575, 31.028638692157607, -66
1542429596165,2018.11.17 12:39:56.165,INFO,custom,121.44183372554575, 31.028638692157607, -66
1542429596165,2018.11.17 12:39:56.165,INFO,custom,121.44183372554575, 31.028638692157607, -66
1542429598176,2018.11.17 12:39:58.176,INFO,custom,121.44183160854786, 31.028657552279736, -70
1542429598177,2018.11.17 12:39:58.177,INFO,custom,121.44183160854786, 31.028657552279736, -70
1542429598177,2018.11.17 12:39:58.177,INFO,custom,121.44183160854786, 31.028657552279736, -70
1542429600131,2018.11.17 12:40:00.131,INFO,custom,121.44182608467952, 31.028676741243064, -69
1542429600132,2018.11.17 12:40:00.132,INFO,custom,121.44182608467952, 31.028676741243064, -69
1542429600132,2018.11.17 12:40:00.132,INFO,custom,121.44182608467952, 31.028676741243064, -69
1542429602180,2018.11.17 12:40:02.180,INFO,custom,121.44182519624046, 31.0286966894308, -69
1542429602180,2018.11.17 12:40:02.180,INFO,custom,121.44182519624046, 31.0286966894308, -69
1542429602180,2018.11.17 12:40:02.180,INFO,custom,121.44182519624046, 31.0286966894308, -69
1542429604167,2018.11.17 12:40:04.167,INFO,custom,121.44182283287901, 31.028717417022744, -69
1542429604168,2018.11.17 12:40:04.168,INFO,custom,121.44182283287901, 31.028717417022744, -69
1542429604168,2018.11.17 12:40:04.168,INFO,custom,121.44182283287901, 31.028717417022744, -69
1542429606155,2018.11.17 12:40:06.155,INFO,custom,121.44181868019524, 31.02873700173639, -71
1542429606155,2018.11.17 12:40:06.155,INFO,custom,121.44181868019524, 31.02873700173639, -71
1542429606155,2018.11.17 12:40:06.155,INFO,custom,121.44181868019524, 31.02873700173639, -71
1542429608159,2018.11.17 12:40:08.159,INFO,custom,121.44181630665567, 31.028756212490265, -71
1542429608160,2018.11.17 12:40:08.160,INFO,custom,121.44181630665567, 31.028756212490265, -71
1542429608160,2018.11.17 12:40:08.160,INFO,custom,121.44181630665567, 31.028756212490265, -71
1542429610163,2018.11.17 12:40:10.163,INFO,custom,121.44181197368997, 31.02877498701478, -71
1542429610163,2018.11.17 12:40:10.163,INFO,custom,121.44181197368997, 31.02877498701478, -71
1542429610163,2018.11.17 12:40:10.163,INFO,custom,121.44181197368997, 31.02877498701478, -71
1542429612178,2018.11.17 12:40:12.178,INFO,custom,121.44180646959055, 31.028794422326, -71
1542429612178,2018.11.17 12:40:12.178,INFO,custom,121.44180646959055, 31.028794422326, -71
1542429612178,2018.11.17 12:40:12.178,INFO,custom,121.44180646959055, 31.028794422326, -71
1542429614159,2018.11.17 12:40:14.159,INFO,custom,121.44180747094002, 31.028814153454807, -71
1542429614159,2018.11.17 12:40:14.159,INFO,custom,121.44180747094002, 31.028814153454807, -71
1542429614158,2018.11.17 12:40:14.158,INFO,custom,121.44180747094002, 31.028814153454807, -71
1542429616160,2018.11.17 12:40:16.160,INFO,custom,121.44179835529063, 31.028831028335933, -75
1542429616161,2018.11.17 12:40:16.161,INFO,custom,121.44179835529063, 31.028831028335933, -75
1542429616161,2018.11.17 12:40:16.161,INFO,custom,121.44179835529063, 31.028831028335933, -75
1542429618158,2018.11.17 12:40:18.158,INFO,custom,121.44179259535359, 31.028851673427813, -75
1542429618159,2018.11.17 12:40:18.159,INFO,custom,121.44179259535359, 31.028851673427813, -75
1542429618159,2018.11.17 12:40:18.159,INFO,custom,121.44179259535359, 31.028851673427813, -75
1542429620150,2018.11.17 12:40:20.150,INFO,custom,121.4417866679715, 31.028870590201883, -75
1542429620150,2018.11.17 12:40:20.150,INFO,custom,121.4417866679715, 31.028870590201883, -75
1542429620149,2018.11.17 12:40:20.149,INFO,custom,121.4417866679715, 31.028870590201883, -75
1542429622167,2018.11.17 12:40:22.167,INFO,custom,121.44178262470558, 31.028893682606263, -75
1542429622168,2018.11.17 12:40:22.168,INFO,custom,121.44178262470558, 31.028893682606263, -75
1542429622168,2018.11.17 12:40:22.168,INFO,custom,121.44178262470558, 31.028893682606263, -75
1542429624167,2018.11.17 12:40:24.167,INFO,custom,121.4417780670159, 31.028914574419293, -75
1542429624167,2018.11.17 12:40:24.167,INFO,custom,121.4417780670159, 31.028914574419293, -75
1542429624167,2018.11.17 12:40:24.167,INFO,custom,121.4417780670159, 31.028914574419293, -75
1542429626160,2018.11.17 12:40:26.160,INFO,custom,121.44177181117283, 31.02893455183211, -78
1542429626160,2018.11.17 12:40:26.160,INFO,custom,121.44177181117283, 31.02893455183211, -78
1542429626160,2018.11.17 12:40:26.160,INFO,custom,121.44177181117283, 31.02893455183211, -78
1542429628160,2018.11.17 12:40:28.160,INFO,custom,121.44176811028325, 31.028953772229777, -78
1542429628161,2018.11.17 12:40:28.161,INFO,custom,121.44176811028325, 31.028953772229777, -78
1542429628161,2018.11.17 12:40:28.161,INFO,custom,121.44176811028325, 31.028953772229777, -78
1542429630155,2018.11.17 12:40:30.155,INFO,custom,121.4417625909089, 31.0289753842442, -78
1542429630157,2018.11.17 12:40:30.157,INFO,custom,121.4417625909089, 31.0289753842442, -78
1542429630157,2018.11.17 12:40:30.157,INFO,custom,121.4417625909089, 31.0289753842442, -78
1542429632168,2018.11.17 12:40:32.168,INFO,custom,121.44176000846593, 31.028995331511357, -78
1542429632168,2018.11.17 12:40:32.168,INFO,custom,121.44176000846593, 31.028995331511357, -78
1542429632168,2018.11.17 12:40:32.168,INFO,custom,121.44176000846593, 31.028995331511357, -78
1542429634169,2018.11.17 12:40:34.169,INFO,custom,121.44175248887416, 31.029017449602144, -78
1542429634169,2018.11.17 12:40:34.169,INFO,custom,121.44175248887416, 31.029017449602144, -78
1542429634170,2018.11.17 12:40:34.170,INFO,custom,121.44175248887416, 31.029017449602144, -78
1542429636161,2018.11.17 12:40:36.161,INFO,custom,121.44174636115957, 31.02903840792805, -78
1542429636160,2018.11.17 12:40:36.160,INFO,custom,121.44174636115957, 31.02903840792805, -78
1542429636161,2018.11.17 12:40:36.161,INFO,custom,121.44174636115957, 31.02903840792805, -78
1542429638170,2018.11.17 12:40:38.170,INFO,custom,121.44174048753744, 31.02905597547123, -78
1542429638170,2018.11.17 12:40:38.170,INFO,custom,121.44174048753744, 31.02905597547123, -78
1542429638170,2018.11.17 12:40:38.170,INFO,custom,121.44174048753744, 31.02905597547123, -78
1542429640171,2018.11.17 12:40:40.171,INFO,custom,121.44173488114012, 31.02907628686949, -78
1542429640171,2018.11.17 12:40:40.171,INFO,custom,121.44173488114012, 31.02907628686949, -78
1542429640172,2018.11.17 12:40:40.172,INFO,custom,121.44173488114012, 31.02907628686949, -78
1542429642157,2018.11.17 12:40:42.157,INFO,custom,121.44172862311046, 31.029093583508548, -78
1542429642157,2018.11.17 12:40:42.157,INFO,custom,121.44172862311046, 31.029093583508548, -78
1542429642156,2018.11.17 12:40:42.156,INFO,custom,121.44172862311046, 31.029093583508548, -78
1542429644157,2018.11.17 12:40:44.157,INFO,custom,121.44172220568065, 31.02911178681929, -78
1542429644157,2018.11.17 12:40:44.157,INFO,custom,121.44172220568065, 31.02911178681929, -78
1542429644158,2018.11.17 12:40:44.158,INFO,custom,121.44172220568065, 31.02911178681929, -78
1542429647173,2018.11.17 12:40:47.173,INFO,custom,121.44171405584862, 31.029132718785554, -76
1542429647173,2018.11.17 12:40:47.173,INFO,custom,121.44171405584862, 31.029132718785554, -76
1542429647172,2018.11.17 12:40:47.172,INFO,custom,121.44171405584862, 31.029132718785554, -76
1542429649151,2018.11.17 12:40:49.151,INFO,custom,121.44170139386296, 31.02914803084205, -76
1542429649151,2018.11.17 12:40:49.151,INFO,custom,121.44170139386296, 31.02914803084205, -76
1542429649150,2018.11.17 12:40:49.150,INFO,custom,121.44170139386296, 31.02914803084205, -76
1542429651168,2018.11.17 12:40:51.168,INFO,custom,121.44169176401039, 31.02917030532819, -76
1542429651168,2018.11.17 12:40:51.168,INFO,custom,121.44169176401039, 31.02917030532819, -76
1542429651167,2018.11.17 12:40:51.167,INFO,custom,121.44169176401039, 31.02917030532819, -76
1542429653160,2018.11.17 12:40:53.160,INFO,custom,121.44167519045298, 31.029192820213, -78
1542429653159,2018.11.17 12:40:53.159,INFO,custom,121.44167519045298, 31.029192820213, -78
1542429653159,2018.11.17 12:40:53.159,INFO,custom,121.44167519045298, 31.029192820213, -78
1542429656152,2018.11.17 12:40:56.152,INFO,custom,121.44166226767439, 31.029219790893908, -79
1542429656153,2018.11.17 12:40:56.153,INFO,custom,121.44166226767439, 31.029219790893908, -79
1542429656153,2018.11.17 12:40:56.153,INFO,custom,121.44166226767439, 31.029219790893908, -79
1542429659154,2018.11.17 12:40:59.154,INFO,custom,121.4416600726906, 31.029238491436697, -79
1542429659154,2018.11.17 12:40:59.154,INFO,custom,121.4416600726906, 31.029238491436697, -79
1542429659153,2018.11.17 12:40:59.153,INFO,custom,121.4416600726906, 31.029238491436697, -79
1542429661161,2018.11.17 12:41:01.161,INFO,custom,121.44166502564373, 31.029256145604105, -79
1542429661162,2018.11.17 12:41:01.162,INFO,custom,121.44166502564373, 31.029256145604105, -79
1542429661162,2018.11.17 12:41:01.162,INFO,custom,121.44166502564373, 31.029256145604105, -79
1542429663172,2018.11.17 12:41:03.172,INFO,custom,121.44166256222398, 31.029276054492232, -79
1542429663172,2018.11.17 12:41:03.172,INFO,custom,121.44166256222398, 31.029276054492232, -79
1542429663172,2018.11.17 12:41:03.172,INFO,custom,121.44166256222398, 31.029276054492232, -79
1542429665170,2018.11.17 12:41:05.170,INFO,custom,121.44166076935777, 31.02929475190819, -79
1542429665170,2018.11.17 12:41:05.170,INFO,custom,121.44166076935777, 31.02929475190819, -79
1542429665170,2018.11.17 12:41:05.170,INFO,custom,121.44166076935777, 31.02929475190819, -79
1542429667161,2018.11.17 12:41:07.161,INFO,custom,121.44166063144883, 31.029314768770664, -75
1542429667161,2018.11.17 12:41:07.161,INFO,custom,121.44166063144883, 31.029314768770664, -75
1542429667161,2018.11.17 12:41:07.161,INFO,custom,121.44166063144883, 31.029314768770664, -75
1542429669147,2018.11.17 12:41:09.147,INFO,custom,121.44165803847116, 31.029334705263437, -75
1542429669146,2018.11.17 12:41:09.146,INFO,custom,121.44165803847116, 31.029334705263437, -75
1542429669147,2018.11.17 12:41:09.147,INFO,custom,121.44165803847116, 31.029334705263437, -75
1542429671161,2018.11.17 12:41:11.161,INFO,custom,121.4416599776572, 31.029356296624673, -75
1542429671161,2018.11.17 12:41:11.161,INFO,custom,121.4416599776572, 31.029356296624673, -75
1542429671161,2018.11.17 12:41:11.161,INFO,custom,121.4416599776572, 31.029356296624673, -75
1542429673177,2018.11.17 12:41:13.177,INFO,custom,121.44165880391644, 31.029375642193674, -71
1542429673177,2018.11.17 12:41:13.177,INFO,custom,121.44165880391644, 31.029375642193674, -71
1542429673177,2018.11.17 12:41:13.177,INFO,custom,121.44165880391644, 31.029375642193674, -71
1542429675176,2018.11.17 12:41:15.176,INFO,custom,121.44166697486575, 31.02939757577884, -71
1542429675177,2018.11.17 12:41:15.177,INFO,custom,121.44166697486575, 31.02939757577884, -71
1542429675177,2018.11.17 12:41:15.177,INFO,custom,121.44166697486575, 31.02939757577884, -71
1542429677176,2018.11.17 12:41:17.176,INFO,custom,121.44166868201354, 31.02941669202955, -72
1542429677176,2018.11.17 12:41:17.176,INFO,custom,121.44166868201354, 31.02941669202955, -72
1542429677176,2018.11.17 12:41:17.176,INFO,custom,121.44166868201354, 31.02941669202955, -72
1542429679179,2018.11.17 12:41:19.179,INFO,custom,121.4416705573069, 31.029437574948535, -74
1542429679179,2018.11.17 12:41:19.179,INFO,custom,121.4416705573069, 31.029437574948535, -74
1542429679179,2018.11.17 12:41:19.179,INFO,custom,121.4416705573069, 31.029437574948535, -74
1542429681191,2018.11.17 12:41:21.191,INFO,custom,121.44167179677004, 31.0294566487785, -67
1542429681191,2018.11.17 12:41:21.191,INFO,custom,121.44167179677004, 31.0294566487785, -67
1542429681191,2018.11.17 12:41:21.191,INFO,custom,121.44167179677004, 31.0294566487785, -67
1542429683127,2018.11.17 12:41:23.127,INFO,custom,121.4416773866291, 31.029479227216804, -67
1542429683126,2018.11.17 12:41:23.126,INFO,custom,121.4416773866291, 31.029479227216804, -67
1542429683127,2018.11.17 12:41:23.127,INFO,custom,121.4416773866291, 31.029479227216804, -67
1542429685146,2018.11.17 12:41:25.146,INFO,custom,121.44168374243968, 31.029501887490085, -70
1542429685146,2018.11.17 12:41:25.146,INFO,custom,121.44168374243968, 31.029501887490085, -70
1542429685146,2018.11.17 12:41:25.146,INFO,custom,121.44168374243968, 31.029501887490085, -70
1542429687150,2018.11.17 12:41:27.150,INFO,custom,121.44169211544727, 31.029522055806837, -73
1542429687151,2018.11.17 12:41:27.151,INFO,custom,121.44169211544727, 31.029522055806837, -73
1542429687151,2018.11.17 12:41:27.151,INFO,custom,121.44169211544727, 31.029522055806837, -73
1542429689158,2018.11.17 12:41:29.158,INFO,custom,121.4416976452777, 31.029543700768507, -73
1542429689158,2018.11.17 12:41:29.158,INFO,custom,121.4416976452777, 31.029543700768507, -73
1542429689158,2018.11.17 12:41:29.158,INFO,custom,121.4416976452777, 31.029543700768507, -73
1542429691163,2018.11.17 12:41:31.163,INFO,custom,121.44170467867201, 31.029563492791983, -73
1542429691163,2018.11.17 12:41:31.163,INFO,custom,121.44170467867201, 31.029563492791983, -73
1542429691163,2018.11.17 12:41:31.163,INFO,custom,121.44170467867201, 31.029563492791983, -73
1542429693144,2018.11.17 12:41:33.144,INFO,custom,121.4417073246376, 31.029584131529994, -73
1542429693144,2018.11.17 12:41:33.144,INFO,custom,121.4417073246376, 31.029584131529994, -73
1542429693143,2018.11.17 12:41:33.143,INFO,custom,121.4417073246376, 31.029584131529994, -73
1542429695132,2018.11.17 12:41:35.132,INFO,custom,121.44171472325769, 31.029603061413226, -73
1542429695132,2018.11.17 12:41:35.132,INFO,custom,121.44171472325769, 31.029603061413226, -73
1542429695132,2018.11.17 12:41:35.132,INFO,custom,121.44171472325769, 31.029603061413226, -73
1542429697183,2018.11.17 12:41:37.183,INFO,custom,121.44171807129216, 31.029624301099094, -76
1542429697183,2018.11.17 12:41:37.183,INFO,custom,121.44171807129216, 31.029624301099094, -76
1542429697183,2018.11.17 12:41:37.183,INFO,custom,121.44171807129216, 31.029624301099094, -76
1542429699159,2018.11.17 12:41:39.159,INFO,custom,121.44172043159924, 31.029643995334695, -76
1542429699159,2018.11.17 12:41:39.159,INFO,custom,121.44172043159924, 31.029643995334695, -76
1542429699159,2018.11.17 12:41:39.159,INFO,custom,121.44172043159924, 31.029643995334695, -76
1542429701221,2018.11.17 12:41:41.221,INFO,custom,121.44172229826567, 31.02966575506981, -76
1542429701220,2018.11.17 12:41:41.220,INFO,custom,121.44172229826567, 31.02966575506981, -76
1542429701221,2018.11.17 12:41:41.221,INFO,custom,121.44172229826567, 31.02966575506981, -76
1542429703232,2018.11.17 12:41:43.232,INFO,custom,121.44172869939715, 31.029686210223936, -76
1542429703232,2018.11.17 12:41:43.232,INFO,custom,121.44172869939715, 31.029686210223936, -76
1542429703232,2018.11.17 12:41:43.232,INFO,custom,121.44172869939715, 31.029686210223936, -76
1542429705186,2018.11.17 12:41:45.186,INFO,custom,121.44173740483053, 31.029709949521656, -76
1542429705186,2018.11.17 12:41:45.186,INFO,custom,121.44173740483053, 31.029709949521656, -76
1542429705186,2018.11.17 12:41:45.186,INFO,custom,121.44173740483053, 31.029709949521656, -76
1542429707195,2018.11.17 12:41:47.195,INFO,custom,121.44175268886951, 31.029724257404283, -71
1542429707195,2018.11.17 12:41:47.195,INFO,custom,121.44175268886951, 31.029724257404283, -71
1542429707194,2018.11.17 12:41:47.194,INFO,custom,121.44175268886951, 31.029724257404283, -71
1542429709218,2018.11.17 12:41:49.218,INFO,custom,121.44177342159989, 31.029732325986817, -71
1542429709218,2018.11.17 12:41:49.218,INFO,custom,121.44177342159989, 31.029732325986817, -71
1542429709218,2018.11.17 12:41:49.218,INFO,custom,121.44177342159989, 31.029732325986817, -71
1542429711238,2018.11.17 12:41:51.238,INFO,custom,121.44179095326012, 31.029748146856473, -71
1542429711237,2018.11.17 12:41:51.237,INFO,custom,121.44179095326012, 31.029748146856473, -71
1542429711238,2018.11.17 12:41:51.238,INFO,custom,121.44179095326012, 31.029748146856473, -71
1542429713237,2018.11.17 12:41:53.237,INFO,custom,121.44181379714163, 31.029757462412423, -71
1542429713237,2018.11.17 12:41:53.237,INFO,custom,121.44181379714163, 31.029757462412423, -71
1542429713237,2018.11.17 12:41:53.237,INFO,custom,121.44181379714163, 31.029757462412423, -71
1542429715238,2018.11.17 12:41:55.238,INFO,custom,121.44183417131772, 31.029770467195274, -71
1542429715238,2018.11.17 12:41:55.238,INFO,custom,121.44183417131772, 31.029770467195274, -71
1542429715239,2018.11.17 12:41:55.239,INFO,custom,121.44183417131772, 31.029770467195274, -71
1542429717183,2018.11.17 12:41:57.183,INFO,custom,121.44185881564066, 31.029779337747005, -72
1542429717182,2018.11.17 12:41:57.182,INFO,custom,121.44185881564066, 31.029779337747005, -72
1542429717183,2018.11.17 12:41:57.183,INFO,custom,121.44185881564066, 31.029779337747005, -72
1542429719206,2018.11.17 12:41:59.206,INFO,custom,121.44188285615189, 31.029782228613893, -72
1542429719206,2018.11.17 12:41:59.206,INFO,custom,121.44188285615189, 31.029782228613893, -72
1542429719205,2018.11.17 12:41:59.205,INFO,custom,121.44188285615189, 31.029782228613893, -72
1542429721194,2018.11.17 12:42:01.194,INFO,custom,121.4419125545493, 31.029787320949026, -72
1542429721194,2018.11.17 12:42:01.194,INFO,custom,121.4419125545493, 31.029787320949026, -72
1542429721194,2018.11.17 12:42:01.194,INFO,custom,121.4419125545493, 31.029787320949026, -72
1542429724231,2018.11.17 12:42:04.231,INFO,custom,121.44194020388429, 31.029799508278217, -72
1542429724233,2018.11.17 12:42:04.233,INFO,custom,121.44194020388429, 31.029799508278217, -72
1542429724234,2018.11.17 12:42:04.234,INFO,custom,121.44194020388429, 31.029799508278217, -72
1542429726888,2018.11.17 12:42:06.888,INFO,custom,121.44196211862244, 31.02980518326708, -72
1542429726889,2018.11.17 12:42:06.889,INFO,custom,121.44196211862244, 31.02980518326708, -72
1542429726889,2018.11.17 12:42:06.889,INFO,custom,121.44196211862244, 31.02980518326708, -72
1542429728210,2018.11.17 12:42:08.210,INFO,custom,121.4419841393987, 31.029810575416846, -72
1542429728209,2018.11.17 12:42:08.209,INFO,custom,121.4419841393987, 31.029810575416846, -72
1542429728210,2018.11.17 12:42:08.210,INFO,custom,121.4419841393987, 31.029810575416846, -72
1542429730231,2018.11.17 12:42:10.231,INFO,custom,121.44200424523997, 31.029817546061942, -55
1542429730231,2018.11.17 12:42:10.231,INFO,custom,121.44200424523997, 31.029817546061942, -55
1542429730231,2018.11.17 12:42:10.231,INFO,custom,121.44200424523997, 31.029817546061942, -55
1542429732156,2018.11.17 12:42:12.156,INFO,custom,121.44202993750918, 31.0298239655409, -55
1542429732156,2018.11.17 12:42:12.156,INFO,custom,121.44202993750918, 31.0298239655409, -55
1542429732156,2018.11.17 12:42:12.156,INFO,custom,121.44202993750918, 31.0298239655409, -55
1542429734206,2018.11.17 12:42:14.206,INFO,custom,121.44205159830113, 31.029831669530306, -74
1542429734206,2018.11.17 12:42:14.206,INFO,custom,121.44205159830113, 31.029831669530306, -74
1542429734206,2018.11.17 12:42:14.206,INFO,custom,121.44205159830113, 31.029831669530306, -74
1542429736186,2018.11.17 12:42:16.186,INFO,custom,121.44207248534413, 31.029837948718622, -52
1542429736186,2018.11.17 12:42:16.186,INFO,custom,121.44207248534413, 31.029837948718622, -52
1542429736186,2018.11.17 12:42:16.186,INFO,custom,121.44207248534413, 31.029837948718622, -52
1542429738165,2018.11.17 12:42:18.165,INFO,custom,121.44209489306539, 31.029843268919734, -52
1542429738165,2018.11.17 12:42:18.165,INFO,custom,121.44209489306539, 31.029843268919734, -52
1542429738164,2018.11.17 12:42:18.164,INFO,custom,121.44209489306539, 31.029843268919734, -52
1542429740239,2018.11.17 12:42:20.239,INFO,custom,121.44211600411593, 31.02984971527657, -52
1542429740239,2018.11.17 12:42:20.239,INFO,custom,121.44211600411593, 31.02984971527657, -52
1542429740239,2018.11.17 12:42:20.239,INFO,custom,121.44211600411593, 31.02984971527657, -52
1542429742207,2018.11.17 12:42:22.207,INFO,custom,121.44213944062095, 31.029856418102288, -52
1542429742207,2018.11.17 12:42:22.207,INFO,custom,121.44213944062095, 31.029856418102288, -52
1542429742207,2018.11.17 12:42:22.207,INFO,custom,121.44213944062095, 31.029856418102288, -52
1542429744195,2018.11.17 12:42:24.195,INFO,custom,121.44216316754571, 31.029859778184818, -55
1542429744195,2018.11.17 12:42:24.195,INFO,custom,121.44216316754571, 31.029859778184818, -55
1542429744195,2018.11.17 12:42:24.195,INFO,custom,121.44216316754571, 31.029859778184818, -55
1542429746198,2018.11.17 12:42:26.198,INFO,custom,121.44218677963957, 31.02986686878638, -55
1542429746198,2018.11.17 12:42:26.198,INFO,custom,121.44218677963957, 31.02986686878638, -55
1542429746198,2018.11.17 12:42:26.198,INFO,custom,121.44218677963957, 31.02986686878638, -55
1542429748217,2018.11.17 12:42:28.217,INFO,custom,121.44221155293776, 31.029872574866463, -55
1542429748217,2018.11.17 12:42:28.217,INFO,custom,121.44221155293776, 31.029872574866463, -55
1542429748217,2018.11.17 12:42:28.217,INFO,custom,121.44221155293776, 31.029872574866463, -55
1542429750208,2018.11.17 12:42:30.208,INFO,custom,121.44223396768864, 31.029879980028106, -55
1542429750208,2018.11.17 12:42:30.208,INFO,custom,121.44223396768864, 31.029879980028106, -55
1542429750208,2018.11.17 12:42:30.208,INFO,custom,121.44223396768864, 31.029879980028106, -55
1542429752218,2018.11.17 12:42:32.218,INFO,custom,121.44225640857645, 31.02989049791179, -55
1542429752218,2018.11.17 12:42:32.218,INFO,custom,121.44225640857645, 31.02989049791179, -55
1542429752218,2018.11.17 12:42:32.218,INFO,custom,121.44225640857645, 31.02989049791179, -55
1542429754219,2018.11.17 12:42:34.219,INFO,custom,121.44227404598121, 31.029901486207542, -55
1542429754219,2018.11.17 12:42:34.219,INFO,custom,121.44227404598121, 31.029901486207542, -55
1542429754219,2018.11.17 12:42:34.219,INFO,custom,121.44227404598121, 31.029901486207542, -55
1542429756216,2018.11.17 12:42:36.216,INFO,custom,121.44229534034369, 31.029906641516856, -55
1542429756217,2018.11.17 12:42:36.217,INFO,custom,121.44229534034369, 31.029906641516856, -55
1542429756217,2018.11.17 12:42:36.217,INFO,custom,121.44229534034369, 31.029906641516856, -55
1542429758210,2018.11.17 12:42:38.210,INFO,custom,121.44231629821779, 31.029913120273534, -61
1542429758210,2018.11.17 12:42:38.210,INFO,custom,121.44231629821779, 31.029913120273534, -61
1542429758210,2018.11.17 12:42:38.210,INFO,custom,121.44231629821779, 31.029913120273534, -61
1542429760184,2018.11.17 12:42:40.184,INFO,custom,121.44234233533344, 31.02991546134396, -61
1542429760184,2018.11.17 12:42:40.184,INFO,custom,121.44234233533344, 31.02991546134396, -61
1542429760183,2018.11.17 12:42:40.183,INFO,custom,121.44234233533344, 31.02991546134396, -61
1542429763215,2018.11.17 12:42:43.215,INFO,custom,121.44237353649304, 31.029921906673696, -61
1542429763215,2018.11.17 12:42:43.215,INFO,custom,121.44237353649304, 31.029921906673696, -61
1542429763214,2018.11.17 12:42:43.214,INFO,custom,121.44237353649304, 31.029921906673696, -61
1542429766177,2018.11.17 12:42:46.177,INFO,custom,121.44240359763299, 31.029929646311576, -61
1542429766177,2018.11.17 12:42:46.177,INFO,custom,121.44240359763299, 31.029929646311576, -61
1542429766177,2018.11.17 12:42:46.177,INFO,custom,121.44240359763299, 31.029929646311576, -61
1542429768225,2018.11.17 12:42:48.225,INFO,custom,121.44242271741689, 31.02993742945392, -61
1542429768226,2018.11.17 12:42:48.226,INFO,custom,121.44242271741689, 31.02993742945392, -61
1542429768227,2018.11.17 12:42:48.227,INFO,custom,121.44242271741689, 31.02993742945392, -61
1542429771204,2018.11.17 12:42:51.204,INFO,custom,121.4424486083135, 31.0299459154218, -56
1542429771204,2018.11.17 12:42:51.204,INFO,custom,121.4424486083135, 31.0299459154218, -56
1542429771204,2018.11.17 12:42:51.204,INFO,custom,121.4424486083135, 31.0299459154218, -56
1542429773241,2018.11.17 12:42:53.241,INFO,custom,121.44246821950135, 31.029952662778204, -56
1542429773241,2018.11.17 12:42:53.241,INFO,custom,121.44246821950135, 31.029952662778204, -56
1542429773241,2018.11.17 12:42:53.241,INFO,custom,121.44246821950135, 31.029952662778204, -56
1542429776229,2018.11.17 12:42:56.229,INFO,custom,121.44249949057505, 31.02995397831878, -56
1542429776229,2018.11.17 12:42:56.229,INFO,custom,121.44249949057505, 31.02995397831878, -56
1542429776229,2018.11.17 12:42:56.229,INFO,custom,121.44249949057505, 31.02995397831878, -56
1542429778215,2018.11.17 12:42:58.215,INFO,custom,121.44252001594049, 31.02994639351534, -50
1542429778216,2018.11.17 12:42:58.216,INFO,custom,121.44252001594049, 31.02994639351534, -50
1542429778215,2018.11.17 12:42:58.215,INFO,custom,121.44252001594049, 31.02994639351534, -50
1542429781206,2018.11.17 12:43:01.206,INFO,custom,121.44254012337116, 31.029929927875727, -50
1542429781206,2018.11.17 12:43:01.206,INFO,custom,121.44254012337116, 31.029929927875727, -50
1542429781206,2018.11.17 12:43:01.206,INFO,custom,121.44254012337116, 31.029929927875727, -50
1542429783174,2018.11.17 12:43:03.174,INFO,custom,121.44254824801412, 31.02990711570233, -50
1542429783175,2018.11.17 12:43:03.175,INFO,custom,121.44254824801412, 31.02990711570233, -50
1542429783175,2018.11.17 12:43:03.175,INFO,custom,121.44254824801412, 31.02990711570233, -50
1542429785223,2018.11.17 12:43:05.223,INFO,custom,121.4425661173118, 31.02989350180024, -50
1542429785223,2018.11.17 12:43:05.223,INFO,custom,121.4425661173118, 31.02989350180024, -50
1542429785223,2018.11.17 12:43:05.223,INFO,custom,121.4425661173118, 31.02989350180024, -50
1542429788202,2018.11.17 12:43:08.202,INFO,custom,121.44256983581067, 31.029867203917576, -78
1542429788202,2018.11.17 12:43:08.202,INFO,custom,121.44256983581067, 31.029867203917576, -78
1542429788202,2018.11.17 12:43:08.202,INFO,custom,121.44256983581067, 31.029867203917576, -78
1542429790202,2018.11.17 12:43:10.202,INFO,custom,121.44257572707707, 31.02984715516449, -78
1542429790202,2018.11.17 12:43:10.202,INFO,custom,121.44257572707707, 31.02984715516449, -78
1542429790202,2018.11.17 12:43:10.202,INFO,custom,121.44257572707707, 31.02984715516449, -78
1542429792200,2018.11.17 12:43:12.200,INFO,custom,121.44258166131176, 31.029825442055756, -78
1542429792200,2018.11.17 12:43:12.200,INFO,custom,121.44258166131176, 31.029825442055756, -78
1542429792200,2018.11.17 12:43:12.200,INFO,custom,121.44258166131176, 31.029825442055756, -78
1542429794215,2018.11.17 12:43:14.215,INFO,custom,121.44258792625978, 31.029805748219424, -78
1542429794215,2018.11.17 12:43:14.215,INFO,custom,121.44258792625978, 31.029805748219424, -78
1542429794215,2018.11.17 12:43:14.215,INFO,custom,121.44258792625978, 31.029805748219424, -78
1542429796211,2018.11.17 12:43:16.211,INFO,custom,121.4425965996437, 31.029786585287642, -78
1542429796211,2018.11.17 12:43:16.211,INFO,custom,121.4425965996437, 31.029786585287642, -78
1542429796211,2018.11.17 12:43:16.211,INFO,custom,121.4425965996437, 31.029786585287642, -78
1542429798250,2018.11.17 12:43:18.250,INFO,custom,121.44260077960848, 31.029765589564807, -73
1542429798250,2018.11.17 12:43:18.250,INFO,custom,121.44260077960848, 31.029765589564807, -73
1542429798250,2018.11.17 12:43:18.250,INFO,custom,121.44260077960848, 31.029765589564807, -73
1542429800259,2018.11.17 12:43:20.259,INFO,custom,121.44260909983916, 31.029747241548883, -73
1542429800259,2018.11.17 12:43:20.259,INFO,custom,121.44260909983916, 31.029747241548883, -73
1542429800259,2018.11.17 12:43:20.259,INFO,custom,121.44260909983916, 31.029747241548883, -73
1542429802187,2018.11.17 12:43:22.187,INFO,custom,121.44261646333639, 31.02972865644589, -73
1542429802187,2018.11.17 12:43:22.187,INFO,custom,121.44261646333639, 31.02972865644589, -73
1542429802187,2018.11.17 12:43:22.187,INFO,custom,121.44261646333639, 31.02972865644589, -73
1542429804197,2018.11.17 12:43:24.197,INFO,custom,121.44262517800716, 31.02970895676571, -73
1542429804197,2018.11.17 12:43:24.197,INFO,custom,121.44262517800716, 31.02970895676571, -73
1542429804197,2018.11.17 12:43:24.197,INFO,custom,121.44262517800716, 31.02970895676571, -73
1542429806235,2018.11.17 12:43:26.235,INFO,custom,121.44263354624026, 31.029688411553416, -73
1542429806235,2018.11.17 12:43:26.235,INFO,custom,121.44263354624026, 31.029688411553416, -73
1542429806235,2018.11.17 12:43:26.235,INFO,custom,121.44263354624026, 31.029688411553416, -73
1542429808166,2018.11.17 12:43:28.166,INFO,custom,121.44263950256669, 31.029669692710762, -70
1542429808166,2018.11.17 12:43:28.166,INFO,custom,121.44263950256669, 31.029669692710762, -70
1542429808166,2018.11.17 12:43:28.166,INFO,custom,121.44263950256669, 31.029669692710762, -70
1542429810180,2018.11.17 12:43:30.180,INFO,custom,121.44264545420025, 31.029649994957413, -74
1542429810180,2018.11.17 12:43:30.180,INFO,custom,121.44264545420025, 31.029649994957413, -74
1542429810180,2018.11.17 12:43:30.180,INFO,custom,121.44264545420025, 31.029649994957413, -74
1542429812217,2018.11.17 12:43:32.217,INFO,custom,121.44265761724132, 31.02962989330117, -74
1542429812217,2018.11.17 12:43:32.217,INFO,custom,121.44265761724132, 31.02962989330117, -74
1542429812217,2018.11.17 12:43:32.217,INFO,custom,121.44265761724132, 31.02962989330117, -74
1542429814256,2018.11.17 12:43:34.256,INFO,custom,121.44266652828388, 31.02961240865834, -74
1542429814255,2018.11.17 12:43:34.255,INFO,custom,121.44266652828388, 31.02961240865834, -74
1542429814256,2018.11.17 12:43:34.256,INFO,custom,121.44266652828388, 31.02961240865834, -74
1542429816176,2018.11.17 12:43:36.176,INFO,custom,121.44267345925257, 31.02959367346575, -74
1542429816176,2018.11.17 12:43:36.176,INFO,custom,121.44267345925257, 31.02959367346575, -74
1542429816176,2018.11.17 12:43:36.176,INFO,custom,121.44267345925257, 31.02959367346575, -74
1542429818204,2018.11.17 12:43:38.204,INFO,custom,121.44268252440864, 31.029574140288712, -63
1542429818204,2018.11.17 12:43:38.204,INFO,custom,121.44268252440864, 31.029574140288712, -63
1542429818204,2018.11.17 12:43:38.204,INFO,custom,121.44268252440864, 31.029574140288712, -63
1542429820221,2018.11.17 12:43:40.221,INFO,custom,121.44268889092982, 31.029552965231698, -63
1542429820221,2018.11.17 12:43:40.221,INFO,custom,121.44268889092982, 31.029552965231698, -63
1542429820221,2018.11.17 12:43:40.221,INFO,custom,121.44268889092982, 31.029552965231698, -63
1542429822169,2018.11.17 12:43:42.169,INFO,custom,121.44270069333281, 31.029531132741806, -63
1542429822168,2018.11.17 12:43:42.168,INFO,custom,121.44270069333281, 31.029531132741806, -63
1542429822168,2018.11.17 12:43:42.168,INFO,custom,121.44270069333281, 31.029531132741806, -63
1542429824207,2018.11.17 12:43:44.207,INFO,custom,121.44271020620967, 31.02950998368753, -63
1542429824207,2018.11.17 12:43:44.207,INFO,custom,121.44271020620967, 31.02950998368753, -63
1542429824207,2018.11.17 12:43:44.207,INFO,custom,121.44271020620967, 31.02950998368753, -63
1542429826253,2018.11.17 12:43:46.253,INFO,custom,121.44272809924706, 31.029493680136056, -63
1542429826253,2018.11.17 12:43:46.253,INFO,custom,121.44272809924706, 31.029493680136056, -63
1542429826252,2018.11.17 12:43:46.252,INFO,custom,121.44272809924706, 31.029493680136056, -63
1542429828219,2018.11.17 12:43:48.219,INFO,custom,121.44274459648335, 31.02947809114231, -63
1542429828219,2018.11.17 12:43:48.219,INFO,custom,121.44274459648335, 31.02947809114231, -63
1542429828219,2018.11.17 12:43:48.219,INFO,custom,121.44274459648335, 31.02947809114231, -63
1542429830227,2018.11.17 12:43:50.227,INFO,custom,121.44276128549059, 31.02945718691166, -76
1542429830227,2018.11.17 12:43:50.227,INFO,custom,121.44276128549059, 31.02945718691166, -76
1542429830226,2018.11.17 12:43:50.226,INFO,custom,121.44276128549059, 31.02945718691166, -76
1542429832146,2018.11.17 12:43:52.146,INFO,custom,121.44277363920168, 31.02943983007511, -76
1542429832147,2018.11.17 12:43:52.147,INFO,custom,121.44277363920168, 31.02943983007511, -76
1542429832147,2018.11.17 12:43:52.147,INFO,custom,121.44277363920168, 31.02943983007511, -76
1542429834182,2018.11.17 12:43:54.182,INFO,custom,121.44278614450647, 31.02942502210303, -76
1542429834183,2018.11.17 12:43:54.183,INFO,custom,121.44278614450647, 31.02942502210303, -76
1542429834183,2018.11.17 12:43:54.183,INFO,custom,121.44278614450647, 31.02942502210303, -76
1542429836175,2018.11.17 12:43:56.175,INFO,custom,121.44279672558017, 31.029405324913668, -76
1542429836175,2018.11.17 12:43:56.175,INFO,custom,121.44279672558017, 31.029405324913668, -76
1542429836175,2018.11.17 12:43:56.175,INFO,custom,121.44279672558017, 31.029405324913668, -76
1542429838228,2018.11.17 12:43:58.228,INFO,custom,121.44280143000954, 31.029384058795166, -76
1542429838228,2018.11.17 12:43:58.228,INFO,custom,121.44280143000954, 31.029384058795166, -76
1542429838228,2018.11.17 12:43:58.228,INFO,custom,121.44280143000954, 31.029384058795166, -76
1542429840197,2018.11.17 12:44:00.197,INFO,custom,121.4428068061247, 31.02936658308692, -71
1542429840197,2018.11.17 12:44:00.197,INFO,custom,121.4428068061247, 31.02936658308692, -71
1542429840197,2018.11.17 12:44:00.197,INFO,custom,121.4428068061247, 31.02936658308692, -71
1542429842215,2018.11.17 12:44:02.215,INFO,custom,121.44281156527546, 31.029341831983203, -71
1542429842214,2018.11.17 12:44:02.214,INFO,custom,121.44281156527546, 31.029341831983203, -71
1542429842214,2018.11.17 12:44:02.214,INFO,custom,121.44281156527546, 31.029341831983203, -71
1542429845193,2018.11.17 12:44:05.193,INFO,custom,121.44281832127737, 31.02931989406947, -71
1542429845194,2018.11.17 12:44:05.194,INFO,custom,121.44281832127737, 31.02931989406947, -71
1542429845193,2018.11.17 12:44:05.193,INFO,custom,121.44281832127737, 31.02931989406947, -71
1542429847157,2018.11.17 12:44:07.157,INFO,custom,121.44281788264016, 31.029298132354224, -71
1542429847158,2018.11.17 12:44:07.158,INFO,custom,121.44281788264016, 31.029298132354224, -71
1542429847157,2018.11.17 12:44:07.157,INFO,custom,121.44281788264016, 31.029298132354224, -71
1542429849227,2018.11.17 12:44:09.227,INFO,custom,121.44282703178803, 31.029275558296888, -71
1542429849227,2018.11.17 12:44:09.227,INFO,custom,121.44282703178803, 31.029275558296888, -71
1542429849227,2018.11.17 12:44:09.227,INFO,custom,121.44282703178803, 31.029275558296888, -71
1542429859219,2018.11.17 12:44:19.219,INFO,custom,121.44285307961107, 31.029173997477166, -63
1542429859219,2018.11.17 12:44:19.219,INFO,custom,121.44285307961107, 31.029173997477166, -63
1542429859218,2018.11.17 12:44:19.218,INFO,custom,121.44285307961107, 31.029173997477166, -63
1542429861219,2018.11.17 12:44:21.219,INFO,custom,121.44285970121571, 31.029155035876563, -63
1542429861219,2018.11.17 12:44:21.219,INFO,custom,121.44285970121571, 31.029155035876563, -63
1542429861219,2018.11.17 12:44:21.219,INFO,custom,121.44285970121571, 31.029155035876563, -63
1542429863220,2018.11.17 12:44:23.220,INFO,custom,121.44286460505677, 31.02913466991079, -63
1542429863220,2018.11.17 12:44:23.220,INFO,custom,121.44286460505677, 31.02913466991079, -63
1542429863220,2018.11.17 12:44:23.220,INFO,custom,121.44286460505677, 31.02913466991079, -63
1542429866202,2018.11.17 12:44:26.202,INFO,custom,121.44286957880351, 31.02910661868376, -63
1542429866204,2018.11.17 12:44:26.204,INFO,custom,121.44286957880351, 31.02910661868376, -63
1542429866205,2018.11.17 12:44:26.205,INFO,custom,121.44286957880351, 31.02910661868376, -63
1542429868217,2018.11.17 12:44:28.217,INFO,custom,121.44287781247989, 31.029086211749963, -63
1542429868217,2018.11.17 12:44:28.217,INFO,custom,121.44287781247989, 31.029086211749963, -63
1542429868217,2018.11.17 12:44:28.217,INFO,custom,121.44287781247989, 31.029086211749963, -63
1542429870186,2018.11.17 12:44:30.186,INFO,custom,121.44288538731499, 31.029067024276145, -65
1542429870186,2018.11.17 12:44:30.186,INFO,custom,121.44288538731499, 31.029067024276145, -65
1542429870186,2018.11.17 12:44:30.186,INFO,custom,121.44288538731499, 31.029067024276145, -65
1542429872160,2018.11.17 12:44:32.160,INFO,custom,121.44289707336513, 31.02904603532127, -65
1542429872160,2018.11.17 12:44:32.160,INFO,custom,121.44289707336513, 31.02904603532127, -65
1542429872160,2018.11.17 12:44:32.160,INFO,custom,121.44289707336513, 31.02904603532127, -65
1542429874213,2018.11.17 12:44:34.213,INFO,custom,121.44290492206208, 31.029028269410542, -67
1542429874213,2018.11.17 12:44:34.213,INFO,custom,121.44290492206208, 31.029028269410542, -67
1542429874212,2018.11.17 12:44:34.212,INFO,custom,121.44290492206208, 31.029028269410542, -67
1542429876210,2018.11.17 12:44:36.210,INFO,custom,121.44291265873542, 31.02900706772398, -70
1542429876210,2018.11.17 12:44:36.210,INFO,custom,121.44291265873542, 31.02900706772398, -70
1542429876211,2018.11.17 12:44:36.211,INFO,custom,121.44291265873542, 31.02900706772398, -70
1542429879213,2018.11.17 12:44:39.213,INFO,custom,121.44292758867653, 31.028984583521428, -71
1542429879213,2018.11.17 12:44:39.213,INFO,custom,121.44292758867653, 31.028984583521428, -71
1542429879213,2018.11.17 12:44:39.213,INFO,custom,121.44292758867653, 31.028984583521428, -71
1542429881227,2018.11.17 12:44:41.227,INFO,custom,121.44294415148777, 31.02896734195132, -70
1542429881227,2018.11.17 12:44:41.227,INFO,custom,121.44294415148777, 31.02896734195132, -70
1542429881227,2018.11.17 12:44:41.227,INFO,custom,121.44294415148777, 31.02896734195132, -70
1542429883180,2018.11.17 12:44:43.180,INFO,custom,121.44295722688307, 31.028951945917957, -72
1542429883180,2018.11.17 12:44:43.180,INFO,custom,121.44295722688307, 31.028951945917957, -72
1542429883180,2018.11.17 12:44:43.180,INFO,custom,121.44295722688307, 31.028951945917957, -72
1542429885235,2018.11.17 12:44:45.235,INFO,custom,121.44296268418913, 31.02893401870676, -74
1542429885235,2018.11.17 12:44:45.235,INFO,custom,121.44296268418913, 31.02893401870676, -74
1542429885234,2018.11.17 12:44:45.234,INFO,custom,121.44296268418913, 31.02893401870676, -74
1542429887208,2018.11.17 12:44:47.208,INFO,custom,121.44297350945719, 31.02891518755614, -74
1542429887207,2018.11.17 12:44:47.207,INFO,custom,121.44297350945719, 31.02891518755614, -74
1542429887208,2018.11.17 12:44:47.208,INFO,custom,121.44297350945719, 31.02891518755614, -74
1542429889251,2018.11.17 12:44:49.251,INFO,custom,121.44297781440136, 31.028892865867874, -76
1542429889251,2018.11.17 12:44:49.251,INFO,custom,121.44297781440136, 31.028892865867874, -76
1542429889252,2018.11.17 12:44:49.252,INFO,custom,121.44297781440136, 31.028892865867874, -76
1542429921227,2018.11.17 12:45:21.227,INFO,custom,121.44311795063908, 31.028585109109027, -78
1542429921227,2018.11.17 12:45:21.227,INFO,custom,121.44311795063908, 31.028585109109027, -78
1542429921227,2018.11.17 12:45:21.227,INFO,custom,121.44311795063908, 31.028585109109027, -78
1542429923268,2018.11.17 12:45:23.268,INFO,custom,121.44312400587914, 31.02856629293727, -78
1542429923268,2018.11.17 12:45:23.268,INFO,custom,121.44312400587914, 31.02856629293727, -78
1542429923268,2018.11.17 12:45:23.268,INFO,custom,121.44312400587914, 31.02856629293727, -78
1542429925233,2018.11.17 12:45:25.233,INFO,custom,121.4431329270802, 31.02854812379033, -78
1542429925233,2018.11.17 12:45:25.233,INFO,custom,121.4431329270802, 31.02854812379033, -78
1542429925233,2018.11.17 12:45:25.233,INFO,custom,121.4431329270802, 31.02854812379033, -78
1542429927206,2018.11.17 12:45:27.206,INFO,custom,121.4431436984566, 31.028528652225525, -78
1542429927205,2018.11.17 12:45:27.205,INFO,custom,121.4431436984566, 31.028528652225525, -78
1542429927206,2018.11.17 12:45:27.206,INFO,custom,121.4431436984566, 31.028528652225525, -78
1542429929210,2018.11.17 12:45:29.210,INFO,custom,121.44314945791339, 31.028508381444322, -78
1542429929210,2018.11.17 12:45:29.210,INFO,custom,121.44314945791339, 31.028508381444322, -78
1542429929210,2018.11.17 12:45:29.210,INFO,custom,121.44314945791339, 31.028508381444322, -78
1542429931227,2018.11.17 12:45:31.227,INFO,custom,121.44315979135416, 31.028489860981168, -79
1542429931227,2018.11.17 12:45:31.227,INFO,custom,121.44315979135416, 31.028489860981168, -79
1542429931227,2018.11.17 12:45:31.227,INFO,custom,121.44315979135416, 31.028489860981168, -79
1542429933224,2018.11.17 12:45:33.224,INFO,custom,121.44316361589921, 31.028471658368776, -79
1542429933225,2018.11.17 12:45:33.225,INFO,custom,121.44316361589921, 31.028471658368776, -79
1542429933225,2018.11.17 12:45:33.225,INFO,custom,121.44316361589921, 31.028471658368776, -79
1542429935220,2018.11.17 12:45:35.220,INFO,custom,121.44317169962342, 31.028452301281817, -79
1542429935220,2018.11.17 12:45:35.220,INFO,custom,121.44317169962342, 31.028452301281817, -79
1542429935220,2018.11.17 12:45:35.220,INFO,custom,121.44317169962342, 31.028452301281817, -79
1542429937242,2018.11.17 12:45:37.242,INFO,custom,121.44317851059658, 31.028428936469158, -80
1542429937242,2018.11.17 12:45:37.242,INFO,custom,121.44317851059658, 31.028428936469158, -80
1542429937242,2018.11.17 12:45:37.242,INFO,custom,121.44317851059658, 31.028428936469158, -80
1542429939232,2018.11.17 12:45:39.232,INFO,custom,121.44318707858953, 31.028408256012604, -80
1542429939232,2018.11.17 12:45:39.232,INFO,custom,121.44318707858953, 31.028408256012604, -80
1542429939232,2018.11.17 12:45:39.232,INFO,custom,121.44318707858953, 31.028408256012604, -80
1542429941217,2018.11.17 12:45:41.217,INFO,custom,121.44319612404138, 31.02838644780213, -74
1542429941218,2018.11.17 12:45:41.218,INFO,custom,121.44319612404138, 31.02838644780213, -74
1542429941217,2018.11.17 12:45:41.217,INFO,custom,121.44319612404138, 31.02838644780213, -74
1542429943214,2018.11.17 12:45:43.214,INFO,custom,121.44320674470002, 31.02836563899231, -74
1542429943214,2018.11.17 12:45:43.214,INFO,custom,121.44320674470002, 31.02836563899231, -74
1542429943214,2018.11.17 12:45:43.214,INFO,custom,121.44320674470002, 31.02836563899231, -74
1542429945215,2018.11.17 12:45:45.215,INFO,custom,121.44321246892463, 31.028346573275662, -74
1542429945215,2018.11.17 12:45:45.215,INFO,custom,121.44321246892463, 31.028346573275662, -74
1542429945214,2018.11.17 12:45:45.214,INFO,custom,121.44321246892463, 31.028346573275662, -74
1542429947159,2018.11.17 12:45:47.159,INFO,custom,121.44322202518157, 31.028325054204196, -74
1542429947160,2018.11.17 12:45:47.160,INFO,custom,121.44322202518157, 31.028325054204196, -74
1542429947160,2018.11.17 12:45:47.160,INFO,custom,121.44322202518157, 31.028325054204196, -74
1542429949222,2018.11.17 12:45:49.222,INFO,custom,121.4432215595558, 31.02830391184687, -74
1542429949222,2018.11.17 12:45:49.222,INFO,custom,121.4432215595558, 31.02830391184687, -74
1542429949221,2018.11.17 12:45:49.221,INFO,custom,121.4432215595558, 31.02830391184687, -74
1542429951228,2018.11.17 12:45:51.228,INFO,custom,121.44320258642179, 31.02828030848098, -74
1542429951228,2018.11.17 12:45:51.228,INFO,custom,121.44320258642179, 31.02828030848098, -74
1542429951228,2018.11.17 12:45:51.228,INFO,custom,121.44320258642179, 31.02828030848098, -74
1542429953227,2018.11.17 12:45:53.227,INFO,custom,121.44317352654157, 31.02825805797809, -74
1542429953227,2018.11.17 12:45:53.227,INFO,custom,121.44317352654157, 31.02825805797809, -74
1542429953227,2018.11.17 12:45:53.227,INFO,custom,121.44317352654157, 31.02825805797809, -74
1542429955231,2018.11.17 12:45:55.231,INFO,custom,121.4431433645416, 31.028244504860208, -74
1542429955231,2018.11.17 12:45:55.231,INFO,custom,121.4431433645416, 31.028244504860208, -74
1542429955230,2018.11.17 12:45:55.230,INFO,custom,121.4431433645416, 31.028244504860208, -74
1542429957166,2018.11.17 12:45:57.166,INFO,custom,121.44311165625265, 31.02823147571195, -74
1542429957166,2018.11.17 12:45:57.166,INFO,custom,121.44311165625265, 31.02823147571195, -74
1542429957166,2018.11.17 12:45:57.166,INFO,custom,121.44311165625265, 31.02823147571195, -74
1542429959214,2018.11.17 12:45:59.214,INFO,custom,121.44308180636727, 31.028220275152087, -74
1542429959215,2018.11.17 12:45:59.215,INFO,custom,121.44308180636727, 31.028220275152087, -74
1542429959215,2018.11.17 12:45:59.215,INFO,custom,121.44308180636727, 31.028220275152087, -74
1542429961156,2018.11.17 12:46:01.156,INFO,custom,121.44305698723952, 31.02820783462243, -72
1542429961156,2018.11.17 12:46:01.156,INFO,custom,121.44305698723952, 31.02820783462243, -72
1542429961156,2018.11.17 12:46:01.156,INFO,custom,121.44305698723952, 31.02820783462243, -72
1542429963157,2018.11.17 12:46:03.157,INFO,custom,121.44303775747933, 31.028194946138942, -72
1542429963157,2018.11.17 12:46:03.157,INFO,custom,121.44303775747933, 31.028194946138942, -72
1542429963157,2018.11.17 12:46:03.157,INFO,custom,121.44303775747933, 31.028194946138942, -72
1542429965170,2018.11.17 12:46:05.170,INFO,custom,121.44301089378848, 31.028184303684263, -73
1542429965169,2018.11.17 12:46:05.169,INFO,custom,121.44301089378848, 31.028184303684263, -73
1542429965170,2018.11.17 12:46:05.170,INFO,custom,121.44301089378848, 31.028184303684263, -73
1542429967158,2018.11.17 12:46:07.158,INFO,custom,121.44298490656665, 31.02817732693735, -73
1542429967158,2018.11.17 12:46:07.158,INFO,custom,121.44298490656665, 31.02817732693735, -73
1542429967158,2018.11.17 12:46:07.158,INFO,custom,121.44298490656665, 31.02817732693735, -73
1542429969253,2018.11.17 12:46:09.253,INFO,custom,121.44295600430094, 31.028174308802573, -73
1542429969253,2018.11.17 12:46:09.253,INFO,custom,121.44295600430094, 31.028174308802573, -73
1542429969253,2018.11.17 12:46:09.253,INFO,custom,121.44295600430094, 31.028174308802573, -73
1542429971206,2018.11.17 12:46:11.206,INFO,custom,121.4429334370651, 31.028178966203683, -73
1542429971207,2018.11.17 12:46:11.207,INFO,custom,121.4429334370651, 31.028178966203683, -73
1542429971207,2018.11.17 12:46:11.207,INFO,custom,121.4429334370651, 31.028178966203683, -73
1542429973218,2018.11.17 12:46:13.218,INFO,custom,121.44290578824547, 31.028181756501002, -73
1542429973218,2018.11.17 12:46:13.218,INFO,custom,121.44290578824547, 31.028181756501002, -73
1542429973218,2018.11.17 12:46:13.218,INFO,custom,121.44290578824547, 31.028181756501002, -73
1542429975226,2018.11.17 12:46:15.226,INFO,custom,121.44288315254093, 31.028180582803827, -73
1542429975227,2018.11.17 12:46:15.227,INFO,custom,121.44288315254093, 31.028180582803827, -73
1542429975227,2018.11.17 12:46:15.227,INFO,custom,121.44288315254093, 31.028180582803827, -73
1542429977202,2018.11.17 12:46:17.202,INFO,custom,121.44285383539817, 31.028169039451026, -73
1542429977203,2018.11.17 12:46:17.203,INFO,custom,121.44285383539817, 31.028169039451026, -73
1542429977203,2018.11.17 12:46:17.203,INFO,custom,121.44285383539817, 31.028169039451026, -73
1542429979202,2018.11.17 12:46:19.202,INFO,custom,121.44283235512489, 31.028159429143262, -73
1542429979202,2018.11.17 12:46:19.202,INFO,custom,121.44283235512489, 31.028159429143262, -73
1542429979202,2018.11.17 12:46:19.202,INFO,custom,121.44283235512489, 31.028159429143262, -73
1542429981200,2018.11.17 12:46:21.200,INFO,custom,121.44280669961931, 31.028156385960553, -76
1542429981199,2018.11.17 12:46:21.199,INFO,custom,121.44280669961931, 31.028156385960553, -76
1542429981199,2018.11.17 12:46:21.199,INFO,custom,121.44280669961931, 31.028156385960553, -76
1542429983229,2018.11.17 12:46:23.229,INFO,custom,121.44277692397112, 31.028150661649928, -76
1542429983228,2018.11.17 12:46:23.228,INFO,custom,121.44277692397112, 31.028150661649928, -76
1542429983229,2018.11.17 12:46:23.229,INFO,custom,121.44277692397112, 31.028150661649928, -76
1542429985235,2018.11.17 12:46:25.235,INFO,custom,121.44274125083075, 31.02814202822244, -76
1542429985235,2018.11.17 12:46:25.235,INFO,custom,121.44274125083075, 31.02814202822244, -76
1542429985235,2018.11.17 12:46:25.235,INFO,custom,121.44274125083075, 31.02814202822244, -76
1542429987234,2018.11.17 12:46:27.234,INFO,custom,121.44272493188068, 31.028130577966458, -76
1542429987234,2018.11.17 12:46:27.234,INFO,custom,121.44272493188068, 31.028130577966458, -76
1542429987233,2018.11.17 12:46:27.233,INFO,custom,121.44272493188068, 31.028130577966458, -76
1542429989221,2018.11.17 12:46:29.221,INFO,custom,121.4426988064201, 31.028123030770573, -76
1542429989221,2018.11.17 12:46:29.221,INFO,custom,121.4426988064201, 31.028123030770573, -76
1542429989221,2018.11.17 12:46:29.221,INFO,custom,121.4426988064201, 31.028123030770573, -76
1542429991261,2018.11.17 12:46:31.261,INFO,custom,121.4426744228238, 31.028111747436157, -66
1542429991259,2018.11.17 12:46:31.259,INFO,custom,121.4426744228238, 31.028111747436157, -66
1542429991260,2018.11.17 12:46:31.260,INFO,custom,121.4426744228238, 31.028111747436157, -66
1542429993201,2018.11.17 12:46:33.201,INFO,custom,121.44265452639151, 31.02809651105381, -66
1542429993201,2018.11.17 12:46:33.201,INFO,custom,121.44265452639151, 31.02809651105381, -66
1542429993201,2018.11.17 12:46:33.201,INFO,custom,121.44265452639151, 31.02809651105381, -66
1542429995217,2018.11.17 12:46:35.217,INFO,custom,121.44263165214235, 31.02808678304911, -68
1542429995220,2018.11.17 12:46:35.220,INFO,custom,121.44263165214235, 31.02808678304911, -68
1542429995220,2018.11.17 12:46:35.220,INFO,custom,121.44263165214235, 31.02808678304911, -68
1542429997231,2018.11.17 12:46:37.231,INFO,custom,121.44260871088738, 31.028081671732323, -67
1542429997231,2018.11.17 12:46:37.231,INFO,custom,121.44260871088738, 31.028081671732323, -67
1542429997231,2018.11.17 12:46:37.231,INFO,custom,121.44260871088738, 31.028081671732323, -67
1542429999204,2018.11.17 12:46:39.204,INFO,custom,121.44258811408879, 31.02807559014352, -67
1542429999203,2018.11.17 12:46:39.203,INFO,custom,121.44258811408879, 31.02807559014352, -67
1542429999204,2018.11.17 12:46:39.204,INFO,custom,121.44258811408879, 31.02807559014352, -67
1542430002174,2018.11.17 12:46:42.174,INFO,custom,121.44255834943962, 31.02808728060502, -68
1542430002173,2018.11.17 12:46:42.173,INFO,custom,121.44255834943962, 31.02808728060502, -68
1542430002174,2018.11.17 12:46:42.174,INFO,custom,121.44255834943962, 31.02808728060502, -68
1542430005173,2018.11.17 12:46:45.173,INFO,custom,121.44252874563526, 31.028097377739634, -66
1542430005173,2018.11.17 12:46:45.173,INFO,custom,121.44252874563526, 31.028097377739634, -66
1542430005173,2018.11.17 12:46:45.173,INFO,custom,121.44252874563526, 31.028097377739634, -66
1542430007165,2018.11.17 12:46:47.165,INFO,custom,121.44250759578101, 31.02810258501488, -71
1542430007165,2018.11.17 12:46:47.165,INFO,custom,121.44250759578101, 31.02810258501488, -71
1542430007164,2018.11.17 12:46:47.164,INFO,custom,121.44250759578101, 31.02810258501488, -71
1542430009182,2018.11.17 12:46:49.182,INFO,custom,121.4424831248928, 31.028103176897922, -71
1542430009182,2018.11.17 12:46:49.182,INFO,custom,121.4424831248928, 31.028103176897922, -71
1542430009182,2018.11.17 12:46:49.182,INFO,custom,121.4424831248928, 31.028103176897922, -71
1542430011164,2018.11.17 12:46:51.164,INFO,custom,121.44244643760197, 31.028107148763308, -72
1542430011164,2018.11.17 12:46:51.164,INFO,custom,121.44244643760197, 31.028107148763308, -72
1542430011163,2018.11.17 12:46:51.163,INFO,custom,121.44244643760197, 31.028107148763308, -72
1542430013168,2018.11.17 12:46:53.168,INFO,custom,121.44242338231501, 31.028114158374763, -71
1542430013168,2018.11.17 12:46:53.168,INFO,custom,121.44242338231501, 31.028114158374763, -71
1542430013167,2018.11.17 12:46:53.167,INFO,custom,121.44242338231501, 31.028114158374763, -71
1542430015255,2018.11.17 12:46:55.255,INFO,custom,121.4424004154029, 31.028120585361208, -72
1542430015258,2018.11.17 12:46:55.258,INFO,custom,121.4424004154029, 31.028120585361208, -72
1542430015260,2018.11.17 12:46:55.260,INFO,custom,121.4424004154029, 31.028120585361208, -72
1542430018236,2018.11.17 12:46:58.236,INFO,custom,121.44236829962304, 31.028125152727494, -72
1542430018236,2018.11.17 12:46:58.236,INFO,custom,121.44236829962304, 31.028125152727494, -72
1542430018236,2018.11.17 12:46:58.236,INFO,custom,121.44236829962304, 31.028125152727494, -72
1542430020207,2018.11.17 12:47:00.207,INFO,custom,121.4423474051897, 31.028123247136655, -72
1542430020207,2018.11.17 12:47:00.207,INFO,custom,121.4423474051897, 31.028123247136655, -72
1542430020207,2018.11.17 12:47:00.207,INFO,custom,121.4423474051897, 31.028123247136655, -72
1542430022233,2018.11.17 12:47:02.233,INFO,custom,121.44232658841449, 31.028120997397988, -68
1542430022232,2018.11.17 12:47:02.232,INFO,custom,121.44232658841449, 31.028120997397988, -68
1542430022233,2018.11.17 12:47:02.233,INFO,custom,121.44232658841449, 31.028120997397988, -68
1542430024221,2018.11.17 12:47:04.221,INFO,custom,121.44230118890397, 31.028119122592535, -70
1542430024221,2018.11.17 12:47:04.221,INFO,custom,121.44230118890397, 31.028119122592535, -70
1542430024221,2018.11.17 12:47:04.221,INFO,custom,121.44230118890397, 31.028119122592535, -70
1542430026236,2018.11.17 12:47:06.236,INFO,custom,121.44226764941168, 31.02811767352577, -70
1542430026234,2018.11.17 12:47:06.234,INFO,custom,121.44226764941168, 31.02811767352577, -70
1542430026236,2018.11.17 12:47:06.236,INFO,custom,121.44226764941168, 31.02811767352577, -70
1542430028170,2018.11.17 12:47:08.170,INFO,custom,121.44224541797502, 31.028125619691863, -72
1542430028170,2018.11.17 12:47:08.170,INFO,custom,121.44224541797502, 31.028125619691863, -72
1542430028170,2018.11.17 12:47:08.170,INFO,custom,121.44224541797502, 31.028125619691863, -72
1542430030213,2018.11.17 12:47:10.213,INFO,custom,121.44221935904372, 31.028129991657423, -73
1542430030213,2018.11.17 12:47:10.213,INFO,custom,121.44221935904372, 31.028129991657423, -73
1542430030213,2018.11.17 12:47:10.213,INFO,custom,121.44221935904372, 31.028129991657423, -73
1542430032235,2018.11.17 12:47:12.235,INFO,custom,121.44219239309754, 31.028131044074982, -71
1542430032234,2018.11.17 12:47:12.234,INFO,custom,121.44219239309754, 31.028131044074982, -71
1542430032235,2018.11.17 12:47:12.235,INFO,custom,121.44219239309754, 31.028131044074982, -71
1542430034201,2018.11.17 12:47:14.201,INFO,custom,121.44216911221424, 31.028137709385756, -71
1542430034201,2018.11.17 12:47:14.201,INFO,custom,121.44216911221424, 31.028137709385756, -71
1542430034201,2018.11.17 12:47:14.201,INFO,custom,121.44216911221424, 31.028137709385756, -71
1542430036210,2018.11.17 12:47:16.210,INFO,custom,121.44214816067289, 31.028146409668135, -71
1542430036210,2018.11.17 12:47:16.210,INFO,custom,121.44214816067289, 31.028146409668135, -71
1542430036209,2018.11.17 12:47:16.209,INFO,custom,121.44214816067289, 31.028146409668135, -71
1542430038186,2018.11.17 12:47:18.186,INFO,custom,121.44212704811173, 31.028151042450975, -71
1542430038186,2018.11.17 12:47:18.186,INFO,custom,121.44212704811173, 31.028151042450975, -71
1542430038186,2018.11.17 12:47:18.186,INFO,custom,121.44212704811173, 31.028151042450975, -71
1542430040170,2018.11.17 12:47:20.170,INFO,custom,121.44210420090933, 31.028160949831697, -71
1542430040169,2018.11.17 12:47:20.169,INFO,custom,121.44210420090933, 31.028160949831697, -71
1542430040169,2018.11.17 12:47:20.169,INFO,custom,121.44210420090933, 31.028160949831697, -71
1542430042169,2018.11.17 12:47:22.169,INFO,custom,121.44208450631417, 31.028172574501614, -76
1542430042170,2018.11.17 12:47:22.170,INFO,custom,121.44208450631417, 31.028172574501614, -76
1542430042170,2018.11.17 12:47:22.170,INFO,custom,121.44208450631417, 31.028172574501614, -76
1542430044156,2018.11.17 12:47:24.156,INFO,custom,121.44206378522495, 31.028183360401375, -76
1542430044155,2018.11.17 12:47:24.155,INFO,custom,121.44206378522495, 31.028183360401375, -76
1542430044156,2018.11.17 12:47:24.156,INFO,custom,121.44206378522495, 31.028183360401375, -76
1542430046174,2018.11.17 12:47:26.174,INFO,custom,121.44203428869943, 31.02818748533402, -76
1542430046174,2018.11.17 12:47:26.174,INFO,custom,121.44203428869943, 31.02818748533402, -76
1542430046174,2018.11.17 12:47:26.174,INFO,custom,121.44203428869943, 31.02818748533402, -76
1542430048166,2018.11.17 12:47:28.166,INFO,custom,121.44201644927794, 31.02819721472494, -76
1542430048166,2018.11.17 12:47:28.166,INFO,custom,121.44201644927794, 31.02819721472494, -76
1542430048166,2018.11.17 12:47:28.166,INFO,custom,121.44201644927794, 31.02819721472494, -76
1542430095838,2018.11.17 12:48:15.838,INFO,custom,121.44171711423762, 31.028207440958255, -77
1542430095838,2018.11.17 12:48:15.838,INFO,custom,121.44171711423762, 31.028207440958255, -77
1542430095838,2018.11.17 12:48:15.838,INFO,custom,121.44171711423762, 31.028207440958255, -77
1542430099869,2018.11.17 12:48:19.869,INFO,custom,121.44172490694851, 31.02822419530259, -77
1542430099870,2018.11.17 12:48:19.870,INFO,custom,121.44172490694851, 31.02822419530259, -77
1542430099869,2018.11.17 12:48:19.869,INFO,custom,121.44172490694851, 31.02822419530259, -77
1542430106874,2018.11.17 12:48:26.874,INFO,custom,121.44176265292079, 31.028234824956794, -74
1542430106874,2018.11.17 12:48:26.874,INFO,custom,121.44176265292079, 31.028234824956794, -74
1542430106874,2018.11.17 12:48:26.874,INFO,custom,121.44176265292079, 31.028234824956794, -74
1542430108803,2018.11.17 12:48:28.803,INFO,custom,121.4417061153537, 31.02821912408181, -74
1542430108803,2018.11.17 12:48:28.803,INFO,custom,121.4417061153537, 31.02821912408181, -74
1542430108803,2018.11.17 12:48:28.803,INFO,custom,121.4417061153537, 31.02821912408181, -74
1542430115172,2018.11.17 12:48:35.172,INFO,custom,121.44171849380595, 31.028240003558825, -73
1542430115171,2018.11.17 12:48:35.171,INFO,custom,121.44171849380595, 31.028240003558825, -73
1542430115172,2018.11.17 12:48:35.172,INFO,custom,121.44171849380595, 31.028240003558825, -73
1542430174705,2018.11.17 12:49:34.705,INFO,custom,121.4417676258915, 31.02830066257476, -80
1542430174706,2018.11.17 12:49:34.706,INFO,custom,121.4417676258915, 31.02830066257476, -80
1542430174706,2018.11.17 12:49:34.706,INFO,custom,121.4417676258915, 31.02830066257476, -80
1542430181730,2018.11.17 12:49:41.730,INFO,custom,121.44175954931276, 31.028324416068337, -70
1542430181730,2018.11.17 12:49:41.730,INFO,custom,121.44175954931276, 31.028324416068337, -70
1542430181730,2018.11.17 12:49:41.730,INFO,custom,121.44175954931276, 31.028324416068337, -70
1542430189142,2018.11.17 12:49:49.142,INFO,custom,121.44169568378992, 31.028319309496553, -72
1542430189142,2018.11.17 12:49:49.142,INFO,custom,121.44169568378992, 31.028319309496553, -72
1542430189142,2018.11.17 12:49:49.142,INFO,custom,121.44169568378992, 31.028319309496553, -72
1542430194170,2018.11.17 12:49:54.170,INFO,custom,121.44171621870832, 31.02832536372216, -70
1542430194171,2018.11.17 12:49:54.171,INFO,custom,121.44171621870832, 31.02832536372216, -70
1542430194170,2018.11.17 12:49:54.170,INFO,custom,121.44171621870832, 31.02832536372216, -70
1542430197171,2018.11.17 12:49:57.171,INFO,custom,121.44173236666289, 31.0283065211328, -67
1542430197170,2018.11.17 12:49:57.170,INFO,custom,121.44173236666289, 31.0283065211328, -67
1542430197171,2018.11.17 12:49:57.171,INFO,custom,121.44173236666289, 31.0283065211328, -67
1542430199182,2018.11.17 12:49:59.182,INFO,custom,121.44175377575942, 31.02830822926837, -67
1542430199182,2018.11.17 12:49:59.182,INFO,custom,121.44175377575942, 31.02830822926837, -67
1542430199182,2018.11.17 12:49:59.182,INFO,custom,121.44175377575942, 31.02830822926837, -67
1542430209163,2018.11.17 12:50:09.163,INFO,custom,121.44173740904915, 31.028321048504235, -66
1542430209163,2018.11.17 12:50:09.163,INFO,custom,121.44173740904915, 31.028321048504235, -66
1542430209163,2018.11.17 12:50:09.163,INFO,custom,121.44173740904915, 31.028321048504235, -66
1542430212156,2018.11.17 12:50:12.156,INFO,custom,121.44170932282458, 31.028300321837037, -68
1542430212157,2018.11.17 12:50:12.157,INFO,custom,121.44170932282458, 31.028300321837037, -68
1542430212157,2018.11.17 12:50:12.157,INFO,custom,121.44170932282458, 31.028300321837037, -68
1542430217169,2018.11.17 12:50:17.169,INFO,custom,121.44173074482765, 31.02830891170103, -73
1542430217169,2018.11.17 12:50:17.169,INFO,custom,121.44173074482765, 31.02830891170103, -73
1542430217169,2018.11.17 12:50:17.169,INFO,custom,121.44173074482765, 31.02830891170103, -73
1542430235174,2018.11.17 12:50:35.174,INFO,custom,121.44175053866587, 31.028318214934714, -74
1542430235175,2018.11.17 12:50:35.175,INFO,custom,121.44175053866587, 31.028318214934714, -74
1542430235175,2018.11.17 12:50:35.175,INFO,custom,121.44175053866587, 31.028318214934714, -74
1542430237172,2018.11.17 12:50:37.172,INFO,custom,121.4417617184455, 31.02833465479183, -74
1542430237172,2018.11.17 12:50:37.172,INFO,custom,121.4417617184455, 31.02833465479183, -74
1542430237172,2018.11.17 12:50:37.172,INFO,custom,121.4417617184455, 31.02833465479183, -74
1542430239171,2018.11.17 12:50:39.171,INFO,custom,121.44176584111536, 31.028354347040718, -74
1542430239170,2018.11.17 12:50:39.170,INFO,custom,121.44176584111536, 31.028354347040718, -74
1542430239171,2018.11.17 12:50:39.171,INFO,custom,121.44176584111536, 31.028354347040718, -74
1542430241165,2018.11.17 12:50:41.165,INFO,custom,121.44176967442854, 31.02837343411142, -74
1542430241165,2018.11.17 12:50:41.165,INFO,custom,121.44176967442854, 31.02837343411142, -74
1542430241165,2018.11.17 12:50:41.165,INFO,custom,121.44176967442854, 31.02837343411142, -74
1542430244171,2018.11.17 12:50:44.171,INFO,custom,121.4417815358988, 31.028395479002675, -65
1542430244171,2018.11.17 12:50:44.171,INFO,custom,121.4417815358988, 31.028395479002675, -65
1542430244171,2018.11.17 12:50:44.171,INFO,custom,121.4417815358988, 31.028395479002675, -65
1542430246170,2018.11.17 12:50:46.170,INFO,custom,121.44178851243414, 31.02841652384259, -65
1542430246170,2018.11.17 12:50:46.170,INFO,custom,121.44178851243414, 31.02841652384259, -65
1542430246170,2018.11.17 12:50:46.170,INFO,custom,121.44178851243414, 31.02841652384259, -65
1542430249178,2018.11.17 12:50:49.178,INFO,custom,121.44179345800939, 31.028438933623757, -66
1542430249178,2018.11.17 12:50:49.178,INFO,custom,121.44179345800939, 31.028438933623757, -66
1542430249178,2018.11.17 12:50:49.178,INFO,custom,121.44179345800939, 31.028438933623757, -66
1542430252172,2018.11.17 12:50:52.172,INFO,custom,121.44180453805717, 31.028464842622142, -63
1542430252172,2018.11.17 12:50:52.172,INFO,custom,121.44180453805717, 31.028464842622142, -63
1542430252172,2018.11.17 12:50:52.172,INFO,custom,121.44180453805717, 31.028464842622142, -63
1542430254167,2018.11.17 12:50:54.167,INFO,custom,121.44180835100046, 31.028483926158962, -63
1542430254167,2018.11.17 12:50:54.167,INFO,custom,121.44180835100046, 31.028483926158962, -63
1542430254167,2018.11.17 12:50:54.167,INFO,custom,121.44180835100046, 31.028483926158962, -63
1542430256206,2018.11.17 12:50:56.206,INFO,custom,121.44181176820977, 31.028502346483148, -63
1542430256207,2018.11.17 12:50:56.207,INFO,custom,121.44181176820977, 31.028502346483148, -63
1542430256206,2018.11.17 12:50:56.206,INFO,custom,121.44181176820977, 31.028502346483148, -63
1542430259192,2018.11.17 12:50:59.192,INFO,custom,121.44181147338938, 31.028526807684408, -63
1542430259192,2018.11.17 12:50:59.192,INFO,custom,121.44181147338938, 31.028526807684408, -63
1542430259192,2018.11.17 12:50:59.192,INFO,custom,121.44181147338938, 31.028526807684408, -63
1542430262175,2018.11.17 12:51:02.175,INFO,custom,121.44180927506481, 31.02855238923836, -65
1542430262174,2018.11.17 12:51:02.174,INFO,custom,121.44180927506481, 31.02855238923836, -65
1542430262175,2018.11.17 12:51:02.175,INFO,custom,121.44180927506481, 31.02855238923836, -65
1542430265135,2018.11.17 12:51:05.135,INFO,custom,121.44180989906019, 31.02857617971361, -66
1542430265135,2018.11.17 12:51:05.135,INFO,custom,121.44180989906019, 31.02857617971361, -66
1542430265135,2018.11.17 12:51:05.135,INFO,custom,121.44180989906019, 31.02857617971361, -66
1542430268155,2018.11.17 12:51:08.155,INFO,custom,121.44180996184679, 31.02859613971974, -66
1542430268155,2018.11.17 12:51:08.155,INFO,custom,121.44180996184679, 31.02859613971974, -66
1542430268155,2018.11.17 12:51:08.155,INFO,custom,121.44180996184679, 31.02859613971974, -66
